attack,metric,stratum,mean,ci95_low,ci95_high
falsify,mean_peak_priority,clean,0.0000,0.0000,0.0000
revheading,mean_peak_priority,clean,0.0000,0.0000,0.0000
replay,mean_peak_priority,clean,0.0000,0.0000,0.0000
dos,mean_peak_priority,clean,0.0000,0.0000,0.0000
spoof,mean_peak_priority,clean,0.0000,0.0000,0.0000
constoffset,mean_peak_priority,clean,0.0000,0.0000,0.0000
slydos,mean_peak_priority,clean,0.0000,0.0000,0.0000
falsify,mean_peak_priority,hostile,0.6491,0.6470,0.6512
revheading,mean_peak_priority,hostile,0.6386,0.6368,0.6404
replay,mean_peak_priority,hostile,0.5364,0.5350,0.5378
dos,mean_peak_priority,hostile,0.6452,0.6408,0.6498
spoof,mean_peak_priority,hostile,0.3445,0.3265,0.3634
constoffset,mean_peak_priority,hostile,0.1681,0.1582,0.1796
slydos,mean_peak_priority,hostile,0.0000,0.0000,0.0000
falsify,stride_share,tampering,0.9340,,
revheading,stride_share,tampering,0.9831,,
spoof,stride_share,tampering,0.2711,,
constoffset,stride_share,tampering,0.2682,,
replay,stride_share,repudiation,0.9817,,
spoof,stride_share,repudiation,0.2142,,
replay,stride_share,denial_of_service,0.0182,,
dos,stride_share,denial_of_service,0.8723,,
spoof,stride_share,denial_of_service,0.0769,,
falsify,stride_share,spoofing,0.0472,,
constoffset,stride_share,spoofing,0.0001,,
falsify,stride_share,none,0.0188,,
revheading,stride_share,none,0.0169,,
replay,stride_share,none,0.0001,,
dos,stride_share,none,0.1277,,
spoof,stride_share,none,0.4378,,
constoffset,stride_share,none,0.7317,,
slydos,stride_share,none,1.0000,,
falsify,stride_ambiguous_share,attributed,0.0000,0,8022
revheading,stride_ambiguous_share,attributed,0.0000,0,8038
replay,stride_ambiguous_share,attributed,0.0088,245,27958
dos,stride_ambiguous_share,attributed,0.0000,0,7428
spoof,stride_ambiguous_share,attributed,0.0716,298,4160
constoffset,stride_ambiguous_share,attributed,0.0000,0,2194
slydos,stride_ambiguous_share,attributed,0.0000,0,0
falsify,compromised_tpr,test,0.9791,0.9762,0.9820
revheading,compromised_tpr,test,0.9609,0.9573,0.9644
replay,compromised_tpr,test,0.9343,0.9303,0.9381
dos,compromised_tpr,test,0.8723,0.8664,0.8787
spoof,compromised_tpr,test,0.5221,0.4936,0.5528
constoffset,compromised_tpr,test,0.2518,0.2365,0.2698
slydos,compromised_tpr,test,0.0000,0.0000,0.0000
falsify,compromised_fpr,test,0.0000,0.0000,0.0000
revheading,compromised_fpr,test,0.0000,0.0000,0.0000
replay,compromised_fpr,test,0.0000,0.0000,0.0000
dos,compromised_fpr,test,0.0000,0.0000,0.0000
spoof,compromised_fpr,test,0.0000,0.0000,0.0000
constoffset,compromised_fpr,test,0.0000,0.0000,0.0000
slydos,compromised_fpr,test,0.0000,0.0000,0.0000
