experiment_id,mode,stage,family,arm,replicate,seed,serial,wall_duration_s,schema,n,frac,n_attackers,attack,run,sim_time,interval,detector,score_model,mobility,null_ev,naive_th,prior,threshold,decay,decay_half_life_s,warmup,attack_start_s,comm_range,gps_sigma,detector_gps_sigma,spd_sigma,clock_sigma,bsm_bytes,sent,received,invalid_bsm,assigned_attacker_rx,attack_active_rx,malicious_rx,malicious_expected_pairs,malicious_expected_pairs_observed,malicious_observed_pairs_any_range,malicious_zero_reception_pairs,pairs,stream_tp,stream_fp,stream_tn,stream_fn,stream_tpr,stream_fpr,stream_precision,stream_f1,owner_tp,owner_fp,owner_tn,owner_fn,owner_tpr,owner_fpr,owner_precision,owner_f1,clean_fp,clean_tn,clean_fpr,victim_pairs,victim_pairs_alerted,victim_ids,victim_ids_alerted,contested_tp,contested_fp,contested_tn,contested_fn,contested_tpr,contested_fpr,contested_precision,contested_f1,victim_pairs_contested,victim_ids_contested,final_stream_tp,final_stream_fp,final_stream_tn,final_stream_fn,final_stream_tpr,final_stream_fpr,final_stream_precision,final_stream_f1,final_owner_tp,final_owner_fp,final_owner_tn,final_owner_fn,final_owner_tpr,final_owner_fpr,final_owner_precision,final_owner_f1,median_ttd,ttd_detected_frac,stream_auc,owner_auc,stream_pr_auc,owner_pr_auc,max_clean_score,clean_margin,latency_sum_s,latency_n,latency_ms,pdr_rx,pdr_expected,pdr,det_calls,det_nanos,det_us,det_p50_us,det_p95_us,det_p99_us,det_max_us,peak_keys,peak_tracks,peak_state_bytes,eval_window_start_s,onset_blank_s,eligible_pairs,ineligible_pairs,track_stream_tp,track_stream_fp,track_stream_tn,track_stream_fn,track_stream_tpr,track_stream_fpr,victim_pairs_track_alerted,victim_ids_track_alerted
validation__threshold_selection__validation_none__seed_9001,smoke,validation,threshold_selection,validation_none,1,9001,0,0.323370316,v6,14,0,0,none,9001,8,0.10000000000000001,1,reference,constant,0,0,0.050000000000000003,0,0.9799999999999881,3.43096184915,2,3,300,2,2,0.5,0.02,320,980,1435,0,0,0,0,0,0,0,0,34,0,34,0,0,nan,1,0,0,0,34,0,0,nan,1,0,0,34,0,1,0,0,0,0,0,0,34,0,nan,0,nan,nan,0,0,0,34,0,0,nan,1,0,0,0,34,0,0,nan,1,0,0,nan,nan,nan,nan,nan,nan,0.05000000000000001,-0.05000000000000001,1.5230342729999946,1269,1.2001846122931399,1269,1867,0.67970005356186391,1435,2823658,1.9677059233449476,1.4730000000000001,3.625,11,33.293999999999997,5,5,2592,3,0,34,0,0,34,0,0,nan,1,0,0
validation__threshold_selection__validation_spoof__seed_9001,smoke,validation,threshold_selection,validation_spoof,1,9001,0,0.311551636,v6,14,0.5,7,spoof,9001,8,0.10000000000000001,1,reference,constant,0,0,0.050000000000000003,0,0.9799999999999881,3.43096184915,2,3,300,2,2,0.5,0.02,320,980,1435,0,403,340,340,7,7,7,0,21,7,6,0,0,1,1,0.53846153846153844,0.69999999999999996,0,13,0,0,nan,1,0,0,6,0,1,7,7,3,3,3,0,6,4,0.42857142857142855,0,1,0.59999999999999998,3,1,7,6,0,0,1,1,0.53846153846153844,0.69999999999999996,0,13,0,0,nan,1,0,0,0,1,0.7142857142857143,nan,0.7362637362637362,nan,0.05000000000000001,-0.05000000000000001,0.38267434999998784,304,1.2587972039473285,304,480,0.6333333333333333,800,1524978,1.9062225000000002,1.5680000000000001,2.8540000000000001,9.4499999999999993,22.018999999999998,4,6,2128,3,0,13,8,7,6,0,0,1,1,2,1
validation__threshold_selection__validation_falsify__seed_9001,smoke,validation,threshold_selection,validation_falsify,1,9001,0,0.312012815,v6,14,0.5,7,falsify,9001,8,0.10000000000000001,1,reference,constant,0,0,0.050000000000000003,0,0.9799999999999881,3.43096184915,2,3,300,2,2,0.5,0.02,320,980,1435,0,403,340,340,10,10,10,0,18,10,8,0,0,1,1,0.55555555555555558,0.7142857142857143,10,8,0,0,1,1,0.55555555555555558,0.7142857142857143,8,0,1,0,0,0,0,0,0,8,10,0,0,nan,0,0,0,10,8,0,0,1,1,0.55555555555555558,0.7142857142857143,10,8,0,0,1,1,0.55555555555555558,0.7142857142857143,0,1,1,1,1,1,0.05000000000000001,-0.05000000000000001,0.38267434999998784,304,1.2587972039473285,304,480,0.6333333333333333,800,1552202,1.9402525000000002,1.5640000000000001,2.8090000000000002,9.0090000000000003,36.563000000000002,4,10,2768,3,0,18,0,10,8,0,0,1,1,0,0
validation__threshold_selection__validation_replay__seed_9001,smoke,validation,threshold_selection,validation_replay,1,9001,0,0.302426648,v6,14,0.5,7,replay,9001,8,0.10000000000000001,1,reference,constant,0,0,0.050000000000000003,0,0.9799999999999881,3.43096184915,2,3,300,2,2,0.5,0.02,320,980,1435,0,403,340,336,24,24,24,0,27,24,0,0,0,1,nan,1,1,10,14,0,0,1,1,0.41666666666666669,0.58823529411764708,0,0,nan,14,14,6,6,18,0,0,6,0.75,nan,1,0.8571428571428571,11,5,24,0,0,0,1,nan,1,1,10,14,0,0,1,1,0.41666666666666669,0.58823529411764708,0,0.75,nan,0.29999999999999999,nan,0.33833333333333332,nan,nan,0.38267434999998784,304,1.2587972039473285,304,480,0.6333333333333333,800,1732353,2.1654412499999998,1.778,3.452,9.8000000000000007,40.606000000000002,6,15,2792,3,0,24,3,24,0,0,0,1,nan,6,4
validation__threshold_selection__validation_dos__seed_9001,smoke,validation,threshold_selection,validation_dos,1,9001,0,0.895202048,v6,14,0.5,7,dos,9001,8,0.10000000000000001,1,reference,constant,0,0,0.050000000000000003,0,0.9799999999999881,3.43096184915,2,3,300,2,2,0.5,0.02,320,4097,5766,0,3361,3298,3298,10,10,10,0,18,10,8,0,0,1,1,0.55555555555555558,0.7142857142857143,10,8,0,0,1,1,0.55555555555555558,0.7142857142857143,8,0,1,0,0,0,0,0,0,8,10,0,0,nan,0,0,0,10,8,0,0,1,1,0.55555555555555558,0.7142857142857143,10,8,0,0,1,1,0.55555555555555558,0.7142857142857143,0,1,1,1,1,1,0.05000000000000001,-0.05000000000000001,0.42066565499998454,290,1.4505712241378776,290,480,0.60416666666666663,3744,6141080,1.6402457264957266,1.343,2.7450000000000001,6.7519999999999998,136.97800000000001,4,6,9648,3,0,18,0,10,8,0,0,1,1,0,0
validation__threshold_selection__validation_constoffset__seed_9001,smoke,validation,threshold_selection,validation_constoffset,1,9001,0,0.32223702,v6,14,0.5,7,constoffset,9001,8,0.10000000000000001,1,reference,constant,0,0,0.050000000000000003,0,0.9799999999999881,3.43096184915,2,3,300,2,2,0.5,0.02,320,980,1435,0,403,340,340,10,10,10,0,18,10,8,0,0,1,1,0.55555555555555558,0.7142857142857143,10,8,0,0,1,1,0.55555555555555558,0.7142857142857143,8,0,1,0,0,0,0,0,0,8,10,0,0,nan,0,0,0,10,8,0,0,1,1,0.55555555555555558,0.7142857142857143,10,8,0,0,1,1,0.55555555555555558,0.7142857142857143,0,1,0.90000000000000002,0.90000000000000002,0.9111111111111112,0.9111111111111112,0.05000000000000001,-0.05000000000000001,0.38267434999998784,304,1.2587972039473285,304,480,0.6333333333333333,800,1391889,1.7398612499999999,1.4430000000000001,2.5880000000000001,8.1140000000000008,22.497,4,6,2512,3,0,18,0,10,8,0,0,1,1,0,0
validation__threshold_selection__validation_revheading__seed_9001,smoke,validation,threshold_selection,validation_revheading,1,9001,0,0.307117277,v6,14,0.5,7,revheading,9001,8,0.10000000000000001,1,reference,constant,0,0,0.050000000000000003,0,0.9799999999999881,3.43096184915,2,3,300,2,2,0.5,0.02,320,980,1435,0,403,340,340,10,10,10,0,18,10,8,0,0,1,1,0.55555555555555558,0.7142857142857143,10,8,0,0,1,1,0.55555555555555558,0.7142857142857143,8,0,1,0,0,0,0,0,0,8,10,0,0,nan,0,0,0,10,8,0,0,1,1,0.55555555555555558,0.7142857142857143,10,8,0,0,1,1,0.55555555555555558,0.7142857142857143,0,1,1,1,1,1,0.05000000000000001,-0.05000000000000001,0.38267434999998784,304,1.2587972039473285,304,480,0.6333333333333333,800,1513349,1.89168625,1.528,2.726,9.1059999999999999,41.871000000000002,4,4,2384,3,0,18,0,10,8,0,0,1,1,0,0
validation__threshold_selection__validation_slydos__seed_9001,smoke,validation,threshold_selection,validation_slydos,1,9001,0,0.346139098,v6,14,0.5,7,slydos,9001,8,0.10000000000000001,1,reference,constant,0,0,0.050000000000000003,0,0.9799999999999881,3.43096184915,2,3,300,2,2,0.5,0.02,320,1188,1777,0,615,552,552,10,10,10,0,18,10,8,0,0,1,1,0.55555555555555558,0.7142857142857143,10,8,0,0,1,1,0.55555555555555558,0.7142857142857143,8,0,1,0,0,0,0,0,0,8,10,0,0,nan,0,0,0,10,8,0,0,1,1,0.55555555555555558,0.7142857142857143,10,8,0,0,1,1,0.55555555555555558,0.7142857142857143,0,1,0.5,0.5,0.55555555555555558,0.55555555555555558,0.05000000000000001,-0.05000000000000001,0.36978784899999573,320,1.1555870281249867,320,480,0.66666666666666663,1028,1778117,1.7296857976653697,1.47,2.7109999999999999,8.8819999999999997,16.472999999999999,4,4,2968,3,0,18,0,10,8,0,0,1,1,0,0
test__pure_attack__pure_spoof__seed_9101,smoke,test,pure_attack,pure_spoof,1,9101,0,0.245063197,v6,10,0.29999999999999999,3,spoof,9101,8,0.10000000000000001,1,reference,constant,0,0,0.050000000000000003,0.41199999999999998,0.9799999999999881,3.43096184915,2,3,300,2,2,0.5,0.02,320,700,423,0,133,112,112,4,4,4,0,13,2,0,5,2,0.5,0,1,0.66666666666666663,0,2,7,0,nan,0.22222222222222221,0,0,0,5,0,4,2,1,1,2,0,5,2,0.5,0,1,0.66666666666666663,2,1,1,0,5,3,0.25,0,1,0.40000000000000002,0,1,8,0,nan,0.1111111111111111,0,0,0.57379457300000025,0.5,0.75,nan,0.72222222222222221,nan,0.05000000000000001,0.36199999999999999,0.11416324200000272,101,1.1303291287128983,101,261,0.38697318007662834,275,577545,2.1001636363636362,1.7010000000000001,3.04,11.478,23.905000000000001,4,5,1208,3,0,9,4,2,0,5,2,0.5,0,2,1
test__pure_attack__pure_falsify__seed_9101,smoke,test,pure_attack,pure_falsify,1,9101,0,0.244776339,v6,10,0.29999999999999999,3,falsify,9101,8,0.10000000000000001,1,reference,constant,0,0,0.050000000000000003,0.41199999999999998,0.9799999999999881,3.43096184915,2,3,300,2,2,0.5,0.02,320,700,423,0,133,112,112,4,4,4,0,11,4,0,7,0,1,0,1,1,4,0,7,0,1,0,1,1,0,7,0,0,0,0,0,0,0,7,4,0,0,nan,0,0,0,4,0,7,0,1,0,1,1,4,0,7,0,1,0,1,1,0,1,1,1,1,1,0.05000000000000001,0.36199999999999999,0.11416324200000272,101,1.1303291287128983,101,261,0.38697318007662834,275,516356,1.8776581818181819,1.5680000000000001,3.1190000000000002,6.6849999999999996,10.853999999999999,4,7,1416,3,0,11,0,4,0,7,0,1,0,0,0
test__pure_attack__pure_replay__seed_9101,smoke,test,pure_attack,pure_replay,1,9101,0,0.218057045,v6,10,0.29999999999999999,3,replay,9101,8,0.10000000000000001,1,reference,constant,0,0,0.050000000000000003,0.41199999999999998,0.9799999999999881,3.43096184915,2,3,300,2,2,0.5,0.02,320,700,423,0,133,112,112,10,10,10,0,16,10,0,2,0,1,0,1,1,0,10,2,0,nan,0.83333333333333337,0,0,0,2,0,10,10,4,4,5,0,2,5,0.5,0,1,0.66666666666666663,5,3,10,0,2,0,1,0,1,1,0,10,2,0,nan,0.83333333333333337,0,0,0,1,1,nan,0.99999999999999989,nan,0.05000000000000001,0.36199999999999999,0.11416324200000272,101,1.1303291287128983,101,261,0.38697318007662834,275,574839,2.0903236363636366,1.6819999999999999,3.2970000000000002,8.2569999999999997,16.126000000000001,5,9,1664,3,0,12,4,10,0,2,0,1,0,0,0
test__pure_attack__pure_dos__seed_9101,smoke,test,pure_attack,pure_dos,1,9101,0,0.500872567,v6,10,0.29999999999999999,3,dos,9101,8,0.10000000000000001,1,reference,constant,0,0,0.050000000000000003,0.41199999999999998,0.9799999999999881,3.43096184915,2,3,300,2,2,0.5,0.02,320,2046,1502,0,1196,1175,1175,4,4,4,0,11,4,0,7,0,1,0,1,1,4,0,7,0,1,0,1,1,0,7,0,0,0,0,0,0,0,7,4,0,0,nan,0,0,0,4,0,7,0,1,0,1,1,4,0,7,0,1,0,1,1,0.37999995900000028,1,1,1,1,1,0.05000000000000001,0.36199999999999999,0.1198155639999996,106,1.1303355094339584,106,261,0.4061302681992337,1342,2904734,2.1644813710879283,1.8540000000000001,3.1899999999999999,8.5329999999999995,36.615000000000002,3,4,4976,3,0,11,0,4,0,7,0,1,0,0,0
test__pure_attack__pure_constoffset__seed_9101,smoke,test,pure_attack,pure_constoffset,1,9101,0,0.232251976,v6,10,0.29999999999999999,3,constoffset,9101,8,0.10000000000000001,1,reference,constant,0,0,0.050000000000000003,0.41199999999999998,0.9799999999999881,3.43096184915,2,3,300,2,2,0.5,0.02,320,700,423,0,133,112,112,4,4,4,0,11,4,0,7,0,1,0,1,1,4,0,7,0,1,0,1,1,0,7,0,0,0,0,0,0,0,7,4,0,0,nan,0,0,0,2,0,7,2,0.5,0,1,0.66666666666666663,2,0,7,2,0.5,0,1,0.66666666666666663,0,1,1,1,1,1,0.05000000000000001,0.36199999999999999,0.11416324200000272,101,1.1303291287128983,101,261,0.38697318007662834,275,608070,2.211163636363636,1.7749999999999999,3.5470000000000002,11.574999999999999,26.012,4,5,1288,3,0,11,0,4,0,7,0,1,0,0,0
test__pure_attack__pure_revheading__seed_9101,smoke,test,pure_attack,pure_revheading,1,9101,0,0.230320022,v6,10,0.29999999999999999,3,revheading,9101,8,0.10000000000000001,1,reference,constant,0,0,0.050000000000000003,0.41199999999999998,0.9799999999999881,3.43096184915,2,3,300,2,2,0.5,0.02,320,700,423,0,133,112,112,4,4,4,0,11,4,0,7,0,1,0,1,1,4,0,7,0,1,0,1,1,0,7,0,0,0,0,0,0,0,7,4,0,0,nan,0,0,0,4,0,7,0,1,0,1,1,4,0,7,0,1,0,1,1,0,1,1,1,1,1,0.05000000000000001,0.36199999999999999,0.11416324200000272,101,1.1303291287128983,101,261,0.38697318007662834,275,676885,2.4614000000000003,2.2170000000000001,3.508,10.85,23.629000000000001,4,4,1224,3,0,11,0,4,0,7,0,1,0,0,0
test__pure_attack__pure_slydos__seed_9101,smoke,test,pure_attack,pure_slydos,1,9101,0,0.244271752,v6,10,0.29999999999999999,3,slydos,9101,8,0.10000000000000001,1,reference,constant,0,0,0.050000000000000003,0.41199999999999998,0.9799999999999881,3.43096184915,2,3,300,2,2,0.5,0.02,320,790,494,0,211,190,190,4,4,4,0,11,0,0,7,4,0,0,nan,0,0,0,7,4,0,0,nan,0,0,7,0,0,0,0,0,0,0,7,4,0,0,nan,0,0,0,0,0,7,4,0,0,nan,0,0,0,7,4,0,0,nan,0,nan,0,0.5,0.5,0.36363636363636365,0.36363636363636365,0.05000000000000001,0.36199999999999999,0.10624833399999734,94,1.1303014255318866,94,261,0.36015325670498083,347,718322,2.0700922190201725,1.6859999999999999,3.359,9.1140000000000008,13.217000000000001,4,4,1544,3,0,11,0,0,0,7,4,0,0,0,0
test__steady_state__pure_constoffset_steady__seed_9101,smoke,test,steady_state,pure_constoffset_steady,1,9101,0,0.21663701,v6,10,0.29999999999999999,3,constoffset,9101,8,0.10000000000000001,1,reference,constant,0,0,0.050000000000000003,0.41199999999999998,0.9799999999999881,3.43096184915,3,0,300,2,2,0.5,0.02,320,700,423,0,112,112,112,4,4,4,0,11,0,0,7,4,0,0,nan,0,0,0,7,4,0,0,nan,0,0,7,0,0,0,0,0,0,0,7,4,0,0,nan,0,0,0,0,0,7,4,0,0,nan,0,0,0,7,4,0,0,nan,0,nan,0,0.5,0.5,0.36363636363636365,0.36363636363636365,0.05000000000000001,0.36199999999999999,0.091560076000003043,81,1.1303713086420129,81,229,0.35371179039301309,275,666758,2.4245745454545453,1.8919999999999999,4.2489999999999997,13.513,17.167000000000002,4,4,1224,3,0,11,0,0,0,7,4,0,0,0,0
test__steady_state__pure_revheading_steady__seed_9101,smoke,test,steady_state,pure_revheading_steady,1,9101,0,0.224604157,v6,10,0.29999999999999999,3,revheading,9101,8,0.10000000000000001,1,reference,constant,0,0,0.050000000000000003,0.41199999999999998,0.9799999999999881,3.43096184915,3,0,300,2,2,0.5,0.02,320,700,423,0,112,112,112,4,4,4,0,11,4,0,7,0,1,0,1,1,4,0,7,0,1,0,1,1,0,7,0,0,0,0,0,0,0,7,4,0,0,nan,0,0,0,4,0,7,0,1,0,1,1,4,0,7,0,1,0,1,1,0,1,1,1,1,1,0.05000000000000001,0.36199999999999999,0.091560076000003043,81,1.1303713086420129,81,229,0.35371179039301309,275,822911,2.9924036363636364,1.927,4.9660000000000002,14.845000000000001,175.96299999999999,4,4,1224,3,0,11,0,4,0,7,0,1,0,0,0
test__steady_state__pure_slydos_steady__seed_9101,smoke,test,steady_state,pure_slydos_steady,1,9101,0,0.218012634,v6,10,0.29999999999999999,3,slydos,9101,8,0.10000000000000001,1,reference,constant,0,0,0.050000000000000003,0.41199999999999998,0.9799999999999881,3.43096184915,3,0,300,2,2,0.5,0.02,320,826,498,0,179,179,179,4,4,4,0,11,0,0,7,4,0,0,nan,0,0,0,7,4,0,0,nan,0,0,7,0,0,0,0,0,0,0,7,4,0,0,nan,0,0,0,0,0,7,4,0,0,nan,0,0,0,7,4,0,0,nan,0,nan,0,0.5,0.5,0.36363636363636365,0.36363636363636365,0.05000000000000001,0.36199999999999999,0.083646800000003019,74,1.1303621621622029,74,229,0.32314410480349343,345,666476,1.9318144927536232,1.6180000000000001,2.8079999999999998,8.4090000000000007,20.077000000000002,3,4,1488,3,0,11,0,0,0,7,4,0,0,0,0
test__steady_state__pure_falsify_steady__seed_9101,smoke,test,steady_state,pure_falsify_steady,1,9101,0,0.227667509,v6,10,0.29999999999999999,3,falsify,9101,8,0.10000000000000001,1,reference,constant,0,0,0.050000000000000003,0.41199999999999998,0.9799999999999881,3.43096184915,3,0,300,2,2,0.5,0.02,320,700,423,0,112,112,112,4,4,4,0,11,4,0,7,0,1,0,1,1,4,0,7,0,1,0,1,1,0,7,0,0,0,0,0,0,0,7,4,0,0,nan,0,0,0,4,0,7,0,1,0,1,1,4,0,7,0,1,0,1,1,0,1,1,1,1,1,0.05000000000000001,0.36199999999999999,0.091560076000003043,81,1.1303713086420129,81,229,0.35371179039301309,275,694595,2.5258000000000003,2.1219999999999999,3.6219999999999999,11.065,26.869,4,7,1416,3,0,11,0,4,0,7,0,1,0,0,0
test__mixedhard_prevalence__mixedhard_frac_0p2__seed_9101,smoke,test,mixedhard_prevalence,mixedhard_frac_0p2,1,9101,0,0.285556897,v6,14,0.20000000000000001,3,mixedhard,9101,8,0.10000000000000001,1,reference,constant,0,0,0.050000000000000003,0.41199999999999998,0.9799999999999881,3.43096184915,2,3,300,2,2,0.5,0.02,320,980,494,0,82,72,72,10,9,9,1,18,6,0,8,3,0.66666666666666663,0,1,0.80000000000000004,2,4,11,0,1,0.26666666666666666,0.33333333333333331,0.5,0,8,0,7,4,3,3,3,0,8,6,0.33333333333333331,0,1,0.5,3,3,6,0,8,3,0.66666666666666663,0,1,0.80000000000000004,2,4,11,0,1,0.26666666666666666,0.33333333333333331,0.5,0,0.66666666666666663,0.83333333333333337,0.80000000000000004,0.8431372549019609,0.26666666666666666,0.05000000000000001,0.36199999999999999,0.31196242500000704,276,1.1302986413043734,276,644,0.42857142857142855,405,1194673,2.9498098765432101,2.2080000000000002,4.609,13.715,149.727,4,8,1528,3,0,17,1,6,0,8,3,0.66666666666666663,0,1,1
test__mixedhard_prevalence__mixedhard_frac_0p5__seed_9101,smoke,test,mixedhard_prevalence,mixedhard_frac_0p5,1,9101,0,0.489262818,v6,14,0.5,7,mixedhard,9101,8,0.10000000000000001,1,reference,constant,0,0,0.050000000000000003,0.41199999999999998,0.9799999999999881,3.43096184915,2,3,300,2,2,0.5,0.02,320,1455,868,0,317,301,301,8,6,6,2,12,3,0,5,3,0.5,0,1,0.66666666666666663,2,1,7,1,0.66666666666666663,0.125,0.66666666666666663,0.66666666666666663,0,5,0,3,1,2,1,1,0,5,5,0.16666666666666666,0,1,0.2857142857142857,0,0,3,0,5,3,0.5,0,1,0.66666666666666663,2,1,7,1,0.66666666666666663,0.125,0.66666666666666663,0.66666666666666663,0.19999996700000011,0.5,0.75,0.77083333333333337,0.77272727272727271,0.53535353535353536,0.05000000000000001,0.36199999999999999,0.14128637299999758,125,1.1302909839999806,125,353,0.35410764872521244,478,1348943,2.8220564853556485,2.6179999999999999,3.6349999999999998,10.076000000000001,14.135,3,6,3528,3,0,11,1,3,0,5,3,0.5,0,0,0
test__score_variant__reference_half_life_1p351__seed_9101,smoke,test,score_variant,reference_half_life_1p351,1,9101,0,0.384203701,v6,14,0.5,7,mixedhard,9101,8,0.10000000000000001,1,reference,constant,0,0,0.050000000000000003,0.41199999999999998,0.95000000000012663,1.3513407334,2,3,300,2,2,0.5,0.02,320,1455,868,0,317,301,301,8,6,6,2,12,3,0,5,3,0.5,0,1,0.66666666666666663,2,1,7,1,0.66666666666666663,0.125,0.66666666666666663,0.66666666666666663,0,5,0,3,1,2,1,1,0,5,5,0.16666666666666666,0,1,0.2857142857142857,0,0,3,0,5,3,0.5,0,1,0.66666666666666663,2,1,7,1,0.66666666666666663,0.125,0.66666666666666663,0.66666666666666663,0.19999996700000011,0.5,0.75,0.77083333333333337,0.77272727272727271,0.53535353535353536,0.05000000000000001,0.36199999999999999,0.14128637299999758,125,1.1302909839999806,125,353,0.35410764872521244,478,1147660,2.4009623430962344,2.1139999999999999,3.2909999999999999,10.096,16.850999999999999,3,6,3528,3,0,11,1,3,0,5,3,0.5,0,0,0
test__score_variant__reference_no_forgetting__seed_9101,smoke,test,score_variant,reference_no_forgetting,1,9101,0,0.384689619,v6,14,0.5,7,mixedhard,9101,8,0.10000000000000001,1,reference,constant,0,0,0.050000000000000003,0.41199999999999998,1,-1,2,3,300,2,2,0.5,0.02,320,1455,868,0,317,301,301,8,6,6,2,12,3,0,5,3,0.5,0,1,0.66666666666666663,2,1,7,1,0.66666666666666663,0.125,0.66666666666666663,0.66666666666666663,0,5,0,3,1,2,1,1,0,5,5,0.16666666666666666,0,1,0.2857142857142857,0,0,3,0,5,3,0.5,0,1,0.66666666666666663,2,1,7,1,0.66666666666666663,0.125,0.66666666666666663,0.66666666666666663,0.19999996700000011,0.5,0.75,0.77083333333333337,0.77272727272727271,0.53535353535353536,0.05000000000000001,0.36199999999999999,0.14128637299999758,125,1.1302909839999806,125,353,0.35410764872521244,478,1128395,2.3606589958158999,2.024,3.5720000000000001,9.9640000000000004,20.132000000000001,3,6,3528,3,0,11,1,3,0,5,3,0.5,0,0,0
test__noise_misspecification__actual_4_assumed_2__seed_9101,smoke,test,noise_misspecification,actual_4_assumed_2,1,9101,0,0.374477335,v6,14,0.5,7,mixedhard,9101,8,0.10000000000000001,1,reference,constant,0,0,0.050000000000000003,0.41199999999999998,0.9799999999999881,3.43096184915,2,3,300,4,2,0.5,0.02,320,1455,868,0,317,301,301,8,6,6,2,12,3,0,5,3,0.5,0,1,0.66666666666666663,2,1,7,1,0.66666666666666663,0.125,0.66666666666666663,0.66666666666666663,0,5,0,3,1,2,1,1,0,5,5,0.16666666666666666,0,1,0.2857142857142857,0,0,3,0,5,3,0.5,0,1,0.66666666666666663,2,1,7,1,0.66666666666666663,0.125,0.66666666666666663,0.66666666666666663,0.19999996700000011,0.5,0.75,0.77083333333333337,0.77272727272727271,0.53535353535353536,0.05000000000000001,0.36199999999999999,0.14128637299999758,125,1.1302909839999806,125,353,0.35410764872521244,478,1136317,2.3772322175732215,2.0779999999999998,3.6899999999999999,8.1120000000000001,13.704000000000001,3,7,3592,3,0,11,1,3,0,5,3,0.5,0,0,0
test__noise_misspecification__actual_8_assumed_2__seed_9101,smoke,test,noise_misspecification,actual_8_assumed_2,1,9101,0,0.339993062,v6,14,0.5,7,mixedhard,9101,8,0.10000000000000001,1,reference,constant,0,0,0.050000000000000003,0.41199999999999998,0.9799999999999881,3.43096184915,2,3,300,8,2,0.5,0.02,320,1455,868,0,317,301,301,8,6,6,2,12,4,4,1,2,0.66666666666666663,0.80000000000000004,0.5,0.5714285714285714,3,5,3,0,1,0.625,0.375,0.54545454545454541,4,1,0.80000000000000004,3,1,2,1,1,0,5,5,0.16666666666666666,0,1,0.2857142857142857,0,0,4,4,1,2,0.66666666666666663,0.80000000000000004,0.5,0.5714285714285714,3,5,3,0,1,0.625,0.375,0.54545454545454541,0.099999983500000056,0.66666666666666663,0.66666666666666663,0.875,0.81515151515151507,0.64444444444444438,0.99941529234356485,-0.58741529234356493,0.14128637299999758,125,1.1302909839999806,125,353,0.35410764872521244,478,1019851,2.1335794979079497,1.869,3.258,8.1050000000000004,21.155999999999999,3,10,3784,3,0,11,1,4,4,1,2,0.66666666666666663,0.80000000000000004,0,0
test__noise_misspecification__actual_2_assumed_4__seed_9101,smoke,test,noise_misspecification,actual_2_assumed_4,1,9101,0,0.376518816,v6,14,0.5,7,mixedhard,9101,8,0.10000000000000001,1,reference,constant,0,0,0.050000000000000003,0.41199999999999998,0.9799999999999881,3.43096184915,2,3,300,2,4,0.5,0.02,320,1455,868,0,317,301,301,8,6,6,2,12,3,0,5,3,0.5,0,1,0.66666666666666663,2,1,7,1,0.66666666666666663,0.125,0.66666666666666663,0.66666666666666663,0,5,0,3,1,2,1,1,0,5,5,0.16666666666666666,0,1,0.2857142857142857,0,0,3,0,5,3,0.5,0,1,0.66666666666666663,2,1,7,1,0.66666666666666663,0.125,0.66666666666666663,0.66666666666666663,0.19999996700000011,0.5,0.75,0.77083333333333337,0.77272727272727271,0.53535353535353536,0.05000000000000001,0.36199999999999999,0.14128637299999758,125,1.1302909839999806,125,353,0.35410764872521244,478,1026410,2.1473012552301256,1.869,3.355,8.6140000000000008,12.68,3,6,3528,3,0,11,1,3,0,5,3,0.5,0,0,0
test__mobility__manoeuvre__seed_9101,smoke,test,mobility,manoeuvre,1,9101,0,0.370763958,v6,14,0.5,7,mixedhard,9101,8,0.10000000000000001,1,reference,manoeuvre,0,0,0.050000000000000003,0.41199999999999998,0.9799999999999881,3.43096184915,2,3,300,2,2,0.5,0.02,320,1450,911,0,339,323,323,8,7,7,1,16,3,0,6,4,0.42857142857142855,0,1,0.59999999999999998,2,1,8,2,0.5,0.1111111111111111,0.66666666666666663,0.5714285714285714,0,6,0,3,1,2,1,1,0,6,6,0.14285714285714285,0,1,0.25,0,0,3,0,6,4,0.42857142857142855,0,1,0.59999999999999998,2,1,8,2,0.5,0.1111111111111111,0.66666666666666663,0.5714285714285714,0.099999984000000097,0.42857142857142855,0.7142857142857143,0.69444444444444442,0.7362637362637362,0.48717948717948717,0.05000000000000001,0.36199999999999999,0.14581027199999808,129,1.1303121860464966,129,353,0.36543909348441928,501,1106487,2.2085568862275449,1.75,3.512,14.042,45.024000000000001,4,8,3824,3,0,13,3,3,0,6,4,0.42857142857142855,0,0,0
test__scale__scale_n_7__seed_9101,smoke,test,scale,scale_n_7,1,9101,0,0.162185894,v6,7,0.20000000000000001,1,mixedhard,9101,8,0.10000000000000001,1,reference,constant,0,0,0.050000000000000003,0.41199999999999998,0.9799999999999881,3.43096184915,2,3,300,2,2,0.5,0.02,320,490,56,0,1,1,1,0,0,1,0,6,0,0,5,1,0,0,nan,0,0,0,6,0,nan,0,nan,nan,0,5,0,1,0,1,0,0,0,5,1,0,0,nan,0,0,0,0,0,5,1,0,0,nan,0,0,0,6,0,nan,0,nan,nan,nan,0,0.5,nan,0.16666666666666666,nan,0.05000000000000001,0.36199999999999999,0.048617918000001037,43,1.1306492558139778,43,243,0.17695473251028807,55,109120,1.984,1.472,3.3730000000000002,8.0700000000000003,8.3659999999999997,2,2,456,3,0,6,0,0,0,5,1,0,0,0,0
test__scale__scale_n_21__seed_9101,smoke,test,scale,scale_n_21,1,9101,0,0.468485981,v6,21,0.20000000000000001,4,mixedhard,9101,8,0.10000000000000001,1,reference,constant,0,0,0.050000000000000003,0.41199999999999998,0.9799999999999881,3.43096184915,2,3,300,2,2,0.5,0.02,320,1918,2431,0,67,66,65,8,6,6,2,76,5,0,67,1,0.83333333333333337,0,1,0.90909090909090906,2,3,67,1,0.66666666666666663,0.042857142857142858,0.40000000000000002,0.5,0,66,0,4,3,1,1,3,0,67,3,0.5,0,1,0.66666666666666663,3,1,5,0,67,1,0.83333333333333337,0,1,0.90909090909090906,2,3,67,1,0.66666666666666663,0.042857142857142858,0.40000000000000002,0.5,0,0.83333333333333337,0.91666666666666663,0.81190476190476191,0.84703196347031962,0.29147640791476409,0.05000000000000001,0.36199999999999999,2.3429402600000033,1929,1.2145880041472283,1929,3862,0.49948213360952876,2361,3995842,1.6924362558238035,1.214,3.3969999999999998,14.249000000000001,42.551000000000002,7,7,2584,3,0,73,3,5,0,67,1,0.83333333333333337,0,3,1
test__benign__benign__seed_9201,smoke,test,benign,benign,1,9201,0,0.270064162,v6,14,0,0,none,9201,8,0.10000000000000001,1,reference,constant,0,0,0.050000000000000003,0.41199999999999998,0.9799999999999881,3.43096184915,2,3,300,2,2,0.5,0.02,320,980,1032,0,0,0,0,0,0,0,0,31,0,0,31,0,nan,0,nan,nan,0,0,31,0,nan,0,nan,nan,0,31,0,0,0,0,0,0,0,31,0,nan,0,nan,nan,0,0,0,0,31,0,nan,0,nan,nan,0,0,31,0,nan,0,nan,nan,nan,nan,nan,nan,nan,nan,0.05000000000000001,0.36199999999999999,1.0104181569999966,894,1.1302216521252759,894,1699,0.52619187757504415,1032,1789478,1.7339903100775194,1.2809999999999999,2.9390000000000001,9.5410000000000004,26.879999999999999,5,5,2152,3,0,31,0,0,0,31,0,nan,0,0,0
test__serial_timing__detector_on__seed_9301,smoke,test,serial_timing,detector_on,1,9301,1,0.222909741,v6,14,0.5,7,mixedhard,9301,8,0.10000000000000001,1,reference,constant,0,0,0.050000000000000003,0.41199999999999998,0.9799999999999881,3.43096184915,2,3,300,2,2,0.5,0.02,320,1450,714,0,101,77,77,11,8,8,3,17,8,0,5,0,1,0,1,1,1,7,5,0,1,0.58333333333333337,0.125,0.22222222222222221,0,5,0,7,7,3,3,5,0,5,3,0.625,0,1,0.76923076923076927,5,3,8,0,5,0,1,0,1,1,1,7,5,0,1,0.58333333333333337,0.125,0.22222222222222221,0,1,1,0.41666666666666669,1,0.125,0.05000000000000001,0.36199999999999999,0.25771508399999554,228,1.1303293157894541,228,498,0.45783132530120479,380,581040,1.5290526315789472,0.98099999999999998,3.1800000000000002,15.363,25.478999999999999,5,11,2040,3,0,13,4,8,0,5,0,1,0,0,0
test__serial_timing__detector_off__seed_9301,smoke,test,serial_timing,detector_off,1,9301,1,0.228694492,v6,14,0.5,7,mixedhard,9301,8,0.10000000000000001,0,reference,constant,0,0,0.050000000000000003,0.41199999999999998,0.9799999999999881,3.43096184915,2,3,300,2,2,0.5,0.02,320,1450,714,0,101,77,77,11,8,8,3,0,0,0,0,0,nan,nan,nan,nan,0,0,0,0,nan,nan,nan,nan,0,0,nan,0,0,0,0,0,0,0,0,nan,nan,nan,nan,0,0,0,0,0,0,nan,nan,nan,nan,0,0,0,0,nan,nan,nan,nan,nan,nan,nan,nan,nan,nan,nan,nan,0.25771508399999554,228,1.1303293157894541,228,498,0.45783132530120479,0,0,0,nan,nan,nan,nan,0,0,0,3,0,0,0,0,0,0,0,nan,nan,0,0
