mode,stage,family,arm,attack,n_vehicles,n_attackers,attacker_fraction,sim_time_s,interval_s,warmup_s,attack_start_s,onset_blank_s,eval_window_start_s,mobility,detector_enabled,score_model,gps_sigma_m,detector_gps_sigma_m,clock_offset_sigma_s,comm_range_m,bsm_bytes,headline_inclusion,analysis_role,runs,seeds,pair_output_expected_runs,pair_output_observed_runs,pair_run_coverage,pair_metrics_status,summary_received_messages,detector_pair_messages,eligible_window_messages,pair_rows,eligible_pairs,malicious_pairs,stream_negative_pairs,clean_honest_pairs,pair_prevalence,honest_receiver_runs,receiver_minutes,negative_window_messages,clean_window_messages,clean_evaluation_window_tracks,identity_stream_false_positives,identity_clean_false_positives,track_false_positive_pairs
full,test,benign,benign,none,70,0,0,60,0.10000000000000001,5,10,0,10,constant,1,reference,2,2,0.02,300,320,yes,headline attacker-free false-alarm bound,50,50,50,50,1,complete,10901341,9498050,9498050,123484,123484,0,123484,123484,0,3500,2916.66666667,9498050,9498050,124014,0,0,0
full,test,benign_stress,clock_offset_sigma_0p10,none,70,0,0,60,0.10000000000000001,5,10,0,10,constant,1,reference,2,2,0.10000000000000001,300,320,no,attacker-free model-mismatch stress,30,30,30,30,1,complete,6576628,4822771,4822771,62401,62401,0,62401,62401,0,2100,1750,4822771,4822771,62667,0,0,0
full,test,benign_stress,gnss_sigma_4_assumed_2,none,70,0,0,60,0.10000000000000001,5,10,0,10,constant,1,reference,4,2,0.02,300,320,no,attacker-free model-mismatch stress,30,30,30,30,1,complete,6576628,5726028,5726028,74078,74078,0,74078,74078,0,2100,1750,5726028,5726028,129031,1335,1335,257
full,test,benign_stress,gnss_sigma_8_assumed_2,none,70,0,0,60,0.10000000000000001,5,10,0,10,constant,1,reference,8,2,0.02,300,320,no,attacker-free model-mismatch stress,30,30,30,30,1,complete,6576628,5726028,5726028,74078,74078,0,74078,74078,0,2100,1750,5726028,5726028,215111,50886,50886,30269
full,test,mixedhard_prevalence,mixedhard_frac_0p1,mixedhard,70,7,0.10000000000000001,60,0.10000000000000001,5,10,0,10,constant,1,reference,2,2,0.02,300,320,yes,headline mixed-prevalence detection,30,30,30,30,1,complete,7341394,5832295,5832295,67607,67607,13157,54450,54447,0.194610025589,1890,1575,4138850,4138847,54680,0,0,0
full,test,mixedhard_prevalence,mixedhard_frac_0p2,mixedhard,70,14,0.20000000000000001,60,0.10000000000000001,5,10,0,10,constant,1,reference,2,2,0.02,300,320,yes,headline mixed-prevalence detection,30,30,30,30,1,complete,8093151,5764324,5764324,60645,60645,21212,39433,39429,0.349773270674,1680,1400,2971984,2971979,39621,0,0,0
full,test,mixedhard_prevalence,mixedhard_frac_0p3,mixedhard,70,21,0.29999999999999999,60,0.10000000000000001,5,10,0,10,constant,1,reference,2,2,0.02,300,320,yes,headline mixed-prevalence detection,30,30,30,30,1,complete,8830329,5556632,5556632,53631,53631,25814,27817,27807,0.481326098712,1470,1225,2055000,2054982,27937,0,0,0
full,test,mixedhard_prevalence,mixedhard_frac_0p5,mixedhard,70,35,0.5,60,0.10000000000000001,5,10,0,10,constant,1,reference,2,2,0.02,300,320,yes,headline mixed-prevalence detection,30,30,30,30,1,complete,10219590,4746088,4746088,38606,38606,26744,11862,11852,0.69274206082,1050,875,848401,848387,11895,0,0,0
full,test,mobility,manoeuvre,mixedhard,70,21,0.29999999999999999,60,0.10000000000000001,5,10,0,10,manoeuvre,1,reference,2,2,0.02,300,320,no,kinematic-perturbation sensitivity,30,30,30,30,1,complete,8874418,5617038,5617038,52767,52767,25240,27527,27513,0.478329258817,1470,1225,2084638,2084619,27668,0,0,0
full,test,noise_misspecification,actual_2_assumed_4,mixedhard,70,21,0.29999999999999999,60,0.10000000000000001,5,10,0,10,constant,1,reference,2,4,0.02,300,320,no,mixed-attack noise sensitivity,30,30,30,30,1,complete,8830329,5556632,5556632,53631,53631,25814,27817,27807,0.481326098712,1470,1225,2055000,2054982,27923,0,0,0
full,test,noise_misspecification,actual_4_assumed_2,mixedhard,70,21,0.29999999999999999,60,0.10000000000000001,5,10,0,10,constant,1,reference,4,2,0.02,300,320,no,mixed-attack noise sensitivity,30,30,30,30,1,complete,8830329,5556632,5556632,53631,53631,25814,27817,27807,0.481326098712,1470,1225,2055000,2054982,48003,440,440,103
full,test,noise_misspecification,actual_8_assumed_2,mixedhard,70,21,0.29999999999999999,60,0.10000000000000001,5,10,0,10,constant,1,reference,8,2,0.02,300,320,no,mixed-attack noise sensitivity,30,30,30,30,1,complete,8830329,5556632,5556632,53631,53631,25814,27817,27807,0.481326098712,1470,1225,2055000,2054982,80160,18725,18720,10933
full,test,onset_guard,constoffset_guard_0p25,constoffset,50,15,0.29999999999999999,60,0.10000000000000001,5,10,0.25,10.25,constant,1,reference,2,2,0.02,300,320,no,activation-guard sensitivity,30,30,30,30,1,complete,3397658,2059205,2059205,26601,26601,8153,18448,18448,0.306492237134,1050,870.625,1430474,1430474,18512,0,0,0
full,test,onset_guard,constoffset_guard_0p5,constoffset,50,15,0.29999999999999999,60,0.10000000000000001,5,10,0.5,10.5,constant,1,reference,2,2,0.02,300,320,no,activation-guard sensitivity,30,30,30,30,1,complete,3397658,2049965,2049965,26533,26533,8137,18396,18396,0.306674706969,1050,866.25,1424124,1424124,18458,0,0,0
full,test,onset_guard,constoffset_guard_1p0,constoffset,50,15,0.29999999999999999,60,0.10000000000000001,5,10,1,11,constant,1,reference,2,2,0.02,300,320,no,activation-guard sensitivity,30,30,30,30,1,complete,3397658,2031308,2031308,26410,26410,8100,18310,18310,0.306702006816,1050,857.5,1411276,1411276,18371,0,0,0
full,test,onset_time,constoffset_onset_20s,constoffset,50,15,0.29999999999999999,60,0.10000000000000001,5,20,0,20,constant,1,reference,2,2,0.02,300,320,no,secondary sensitivity/control,30,30,30,30,1,complete,3397658,1685540,1685540,23716,23716,7248,16468,16468,0.305616461461,1050,700,1173042,1173042,16508,0,0,0
full,test,onset_time,constoffset_onset_5s,constoffset,50,15,0.29999999999999999,60,0.10000000000000001,5,5,0,5,constant,1,reference,2,2,0.02,300,320,no,secondary sensitivity/control,30,30,30,30,1,complete,3397658,2246254,2246254,27840,27840,8531,19309,19309,0.306429597701,1050,962.5,1559901,1559901,19384,0,0,0
full,test,pure_attack,pure_constoffset,constoffset,50,15,0.29999999999999999,60,0.10000000000000001,5,10,0,10,constant,1,reference,2,2,0.02,300,320,yes,headline attack-stratified detection,30,30,30,30,1,complete,3397658,2068488,2068488,26660,26660,8176,18484,18484,0.306676669167,1050,875,1436828,1436828,18548,0,0,0
full,test,pure_attack,pure_dos,dos,50,15,0.29999999999999999,60,0.10000000000000001,5,10,0,10,constant,1,reference,2,2,0.02,300,320,yes,headline attack-stratified detection,30,30,30,30,1,complete,10623709,7298638,7298638,26860,26860,8515,18345,18345,0.317014147431,1050,875,1354451,1354451,18406,0,0,0
full,test,pure_attack,pure_falsify,falsify,50,15,0.29999999999999999,60,0.10000000000000001,5,10,0,10,constant,1,reference,2,2,0.02,300,320,yes,headline attack-stratified detection,30,30,30,30,1,complete,3397658,2068488,2068488,26660,26660,8176,18484,18484,0.306676669167,1050,875,1436828,1436828,18548,0,0,0
full,test,pure_attack,pure_replay,replay,50,15,0.29999999999999999,60,0.10000000000000001,5,10,0,10,constant,1,reference,2,2,0.02,300,320,yes,headline attack-stratified detection,30,30,30,30,1,complete,3397658,2068488,2068488,32584,32584,27961,4623,4588,0.858120549963,1050,875,341631,341379,4613,0,0,0
full,test,pure_attack,pure_revheading,revheading,50,15,0.29999999999999999,60,0.10000000000000001,5,10,0,10,constant,1,reference,2,2,0.02,300,320,yes,headline attack-stratified detection,30,30,30,30,1,complete,3397658,2068488,2068488,26660,26660,8176,18484,18484,0.306676669167,1050,875,1436828,1436828,18548,0,0,0
full,test,pure_attack,pure_slydos,slydos,50,15,0.29999999999999999,60,0.10000000000000001,5,10,0,10,constant,1,reference,2,2,0.02,300,320,yes,headline attack-stratified detection,30,30,30,30,1,complete,3909129,2437113,2437113,26704,26704,8253,18451,18451,0.309054823247,1050,875,1432179,1432179,18522,0,0,0
full,test,pure_attack,pure_spoof,spoof,50,15,0.29999999999999999,60,0.10000000000000001,5,10,0,10,constant,1,reference,2,2,0.02,300,320,yes,headline attack-stratified detection,30,30,30,30,1,complete,3397658,2068488,2068488,22167,22167,7399,14768,14761,0.333784454369,1050,875,1149325,1149318,14813,0,0,0
full,test,scale,scale_n_105,mixedhard,105,21,0.20000000000000001,60,0.10000000000000001,5,10,0,10,constant,1,reference,2,2,0.02,300,320,no,vehicle-count scaling,30,30,30,30,1,complete,17931408,12824384,12824384,139069,139069,51624,87445,87445,0.37121141304,2520,2100,6410907,6410907,87861,0,0,0
full,test,scale,scale_n_35,mixedhard,35,7,0.20000000000000001,60,0.10000000000000001,5,10,0,10,constant,1,reference,2,2,0.02,300,320,no,vehicle-count scaling,30,30,30,30,1,complete,2010645,1456287,1456287,14876,14876,4523,10353,10349,0.304046786771,840,700,790202,790182,10390,0,0,0
full,test,score_variant,reference_half_life_1p351,mixedhard,70,21,0.29999999999999999,60,0.10000000000000001,5,10,0,10,constant,1,reference,2,2,0.02,300,320,no,score-model sensitivity,30,30,30,30,1,complete,8830329,5556632,5556632,53631,53631,25814,27817,27807,0.481326098712,1470,1225,2055000,2054982,27937,0,0,0
full,test,score_variant,reference_no_forgetting,mixedhard,70,21,0.29999999999999999,60,0.10000000000000001,5,10,0,10,constant,1,reference,2,2,0.02,300,320,no,score-model sensitivity,30,30,30,30,1,complete,8830329,5556632,5556632,53631,53631,25814,27817,27807,0.481326098712,1470,1225,2055000,2054982,27937,0,0,0
full,test,serial_timing,detector_off,mixedhard,70,21,0.29999999999999999,60,0.10000000000000001,5,10,0,10,constant,0,reference,2,2,0.02,300,320,no,serial detector-on/off cost,30,30,0,0,nan,not_applicable_no_pair_output,8895341,0,0,0,0,0,0,0,nan,0,0,0,0,0,0,0,0
full,test,serial_timing,detector_on,mixedhard,70,21,0.29999999999999999,60,0.10000000000000001,5,10,0,10,constant,1,reference,2,2,0.02,300,320,no,serial detector-on/off cost,30,30,0,0,nan,not_applicable_no_pair_output,8895341,0,0,0,0,0,0,0,nan,0,0,0,0,0,0,0,0
full,test,steady_state,pure_constoffset_steady,constoffset,50,15,0.29999999999999999,60,0.10000000000000001,10,0,0,10,constant,1,reference,2,2,0.02,300,320,no,activation-transient control,30,30,30,30,1,complete,3397658,2068488,2068488,26660,26660,8176,18484,18484,0.306676669167,1050,875,1436828,1436828,18548,0,0,0
full,test,steady_state,pure_falsify_steady,falsify,50,15,0.29999999999999999,60,0.10000000000000001,10,0,0,10,constant,1,reference,2,2,0.02,300,320,no,activation-transient control,30,30,30,30,1,complete,3397658,2068488,2068488,26660,26660,8176,18484,18484,0.306676669167,1050,875,1436828,1436828,18548,0,0,0
full,test,steady_state,pure_revheading_steady,revheading,50,15,0.29999999999999999,60,0.10000000000000001,10,0,0,10,constant,1,reference,2,2,0.02,300,320,no,activation-transient control,30,30,30,30,1,complete,3397658,2068488,2068488,26660,26660,8176,18484,18484,0.306676669167,1050,875,1436828,1436828,18548,0,0,0
full,test,steady_state,pure_slydos_steady,slydos,50,15,0.29999999999999999,60,0.10000000000000001,10,0,0,10,constant,1,reference,2,2,0.02,300,320,no,activation-transient control,30,30,30,30,1,complete,3989637,2435610,2435610,26761,26761,8263,18498,18498,0.308770225328,1050,875,1431373,1431373,18561,0,0,0
full,validation,threshold_selection,validation_constoffset,constoffset,50,15,0.29999999999999999,60,0.10000000000000001,5,10,0,10,constant,1,reference,2,2,0.02,300,320,no,validation-only threshold selection,20,20,20,20,1,complete,2247836,1356263,1356263,17667,17667,5446,12221,12221,0.308258334748,700,583.333333333,934429,934429,12263,12221,12221,12221
full,validation,threshold_selection,validation_dos,dos,50,15,0.29999999999999999,60,0.10000000000000001,5,10,0,10,constant,1,reference,2,2,0.02,300,320,no,validation-only threshold selection,20,20,20,20,1,complete,7141945,4864365,4864365,17845,17845,5723,12122,12122,0.320706080134,700,583.333333333,880859,880859,12174,12122,12122,12122
full,validation,threshold_selection,validation_falsify,falsify,50,15,0.29999999999999999,60,0.10000000000000001,5,10,0,10,constant,1,reference,2,2,0.02,300,320,no,validation-only threshold selection,20,20,20,20,1,complete,2247836,1356263,1356263,17667,17667,5446,12221,12221,0.308258334748,700,583.333333333,934429,934429,12263,12221,12221,12221
full,validation,threshold_selection,validation_none,none,70,0,0,60,0.10000000000000001,5,10,0,10,constant,1,reference,2,2,0.02,300,320,no,validation-only threshold selection,299,299,299,299,1,complete,65743665,57289544,57289544,741425,741425,0,741425,741425,0,20930,17441.6666667,57289544,57289544,744588,741425,741425,741425
full,validation,threshold_selection,validation_replay,replay,50,15,0.29999999999999999,60,0.10000000000000001,5,10,0,10,constant,1,reference,2,2,0.02,300,320,no,validation-only threshold selection,20,20,20,20,1,complete,2247836,1356263,1356263,21367,21367,18498,2869,2841,0.865727523752,700,583.333333333,193346,193183,2853,2869,2841,2841
full,validation,threshold_selection,validation_revheading,revheading,50,15,0.29999999999999999,60,0.10000000000000001,5,10,0,10,constant,1,reference,2,2,0.02,300,320,no,validation-only threshold selection,20,20,20,20,1,complete,2247836,1356263,1356263,17667,17667,5446,12221,12221,0.308258334748,700,583.333333333,934429,934429,12263,12221,12221,12221
full,validation,threshold_selection,validation_slydos,slydos,50,15,0.29999999999999999,60,0.10000000000000001,5,10,0,10,constant,1,reference,2,2,0.02,300,320,no,validation-only threshold selection,20,20,20,20,1,complete,2596823,1604987,1604987,17737,17737,5519,12218,12218,0.311157467441,700,583.333333333,931480,931480,12265,12218,12218,12218
full,validation,threshold_selection,validation_spoof,spoof,50,15,0.29999999999999999,60,0.10000000000000001,5,10,0,10,constant,1,reference,2,2,0.02,300,320,no,validation-only threshold selection,20,20,20,20,1,complete,2247836,1356263,1356263,14588,14588,4950,9638,9627,0.339319989032,700,583.333333333,733643,733632,9657,9638,9627,9627
