stage,family,attack_stratum,distance_bin,distance_interval,pair_count,seed_count,received_malicious_messages,message_weighted_mean_distance_m,median_pair_mean_distance_m,detected_pair_count,tpr,tpr_ci95_low,tpr_ci95_high,censored_pair_count,censor_fraction,censor_fraction_ci95_low,censor_fraction_ci95_high,median_detected_delay_s,median_detected_delay_ci95_low_s,median_detected_delay_ci95_high_s,delay_bootstrap_valid_reps,bootstrap_reps,bootstrap_seed,ci_method,distance_statistic,distance_estimand,delay_estimand
test,pure_attack,constoffset,0-100,"[0,100)",6244,30,534996,73.7480099517,83.6176710357,1060,0.169762972454,0.156499414765,0.183459156597,5184,0.830237027546,0.816540843403,0.843500585235,0.099999999,0.099999985,0.1,2000,2000,20260803,95% percentile nonparametric RNG-seed-block bootstrap,per-pair arithmetic mean Euclidean oracle separation over received malicious messages in W,conditional on malicious messages received in W; not a radio-opportunity or causal-distance effect,median primary time-to-detect among detected eligible hostile pairs; misses reported as censored
test,pure_attack,constoffset,100-200,"[100,200)",1028,30,85017,135.848527463,143.832803834,614,0.597276264591,0.568505788051,0.629356966616,414,0.402723735409,0.370643033384,0.431494211949,0.100000002,0.1,0.100000017,2000,2000,20260803,95% percentile nonparametric RNG-seed-block bootstrap,per-pair arithmetic mean Euclidean oracle separation over received malicious messages in W,conditional on malicious messages received in W; not a radio-opportunity or causal-distance effect,median primary time-to-detect among detected eligible hostile pairs; misses reported as censored
test,pure_attack,constoffset,200-300,"[200,300]",680,30,11130,232.17000504,245.744644276,355,0.522058823529,0.481993660387,0.566519706649,325,0.477941176471,0.433480293351,0.518006339613,0,0,0,2000,2000,20260803,95% percentile nonparametric RNG-seed-block bootstrap,per-pair arithmetic mean Euclidean oracle separation over received malicious messages in W,conditional on malicious messages received in W; not a radio-opportunity or causal-distance effect,median primary time-to-detect among detected eligible hostile pairs; misses reported as censored
test,pure_attack,constoffset,>300,"(300,inf)",224,30,510,328.521376077,333.659610229,30,0.133928571429,0.0935960591133,0.177216628308,194,0.866071428571,0.822783371692,0.906403940887,0,0,0,2000,2000,20260803,95% percentile nonparametric RNG-seed-block bootstrap,per-pair arithmetic mean Euclidean oracle separation over received malicious messages in W,conditional on malicious messages received in W; not a radio-opportunity or causal-distance effect,median primary time-to-detect among detected eligible hostile pairs; misses reported as censored
test,pure_attack,dos,0-100,"[0,100)",6342,30,5138998,71.8542413019,82.4823630257,6342,1,1,1,0,0,0,0,2.3999995855,2.35194997218,2.44999950712,2000,2000,20260803,95% percentile nonparametric RNG-seed-block bootstrap,per-pair arithmetic mean Euclidean oracle separation over received malicious messages in W,conditional on malicious messages received in W; not a radio-opportunity or causal-distance effect,median primary time-to-detect among detected eligible hostile pairs; misses reported as censored
test,pure_attack,dos,100-200,"[100,200)",936,30,710133,137.318540303,148.655515944,901,0.962606837607,0.949849307795,0.974630312509,35,0.0373931623932,0.0253696874905,0.0501506922047,0.530000083,0.450000005,0.655125009225,2000,2000,20260803,95% percentile nonparametric RNG-seed-block bootstrap,per-pair arithmetic mean Euclidean oracle separation over received malicious messages in W,conditional on malicious messages received in W; not a radio-opportunity or causal-distance effect,median primary time-to-detect among detected eligible hostile pairs; misses reported as censored
test,pure_attack,dos,200-300,"[200,300]",759,30,90890,231.240434597,248.938395187,185,0.243741765481,0.215781833616,0.274064669966,574,0.756258234519,0.725935330034,0.784218166384,2.399999568,1.450000044,3.34486968242,2000,2000,20260803,95% percentile nonparametric RNG-seed-block bootstrap,per-pair arithmetic mean Euclidean oracle separation over received malicious messages in W,conditional on malicious messages received in W; not a radio-opportunity or causal-distance effect,median primary time-to-detect among detected eligible hostile pairs; misses reported as censored
test,pure_attack,dos,>300,"(300,inf)",478,30,4159,327.175174516,345.394424969,0,0,0,0,478,1,1,1,,,,0,2000,20260803,95% percentile nonparametric RNG-seed-block bootstrap,per-pair arithmetic mean Euclidean oracle separation over received malicious messages in W,conditional on malicious messages received in W; not a radio-opportunity or causal-distance effect,median primary time-to-detect among detected eligible hostile pairs; misses reported as censored
test,pure_attack,falsify,0-100,"[0,100)",6244,30,534996,73.7480099517,83.6176710357,6244,1,1,1,0,0,0,0,0.6999998875,0.69999988,0.700078156825,2000,2000,20260803,95% percentile nonparametric RNG-seed-block bootstrap,per-pair arithmetic mean Euclidean oracle separation over received malicious messages in W,conditional on malicious messages received in W; not a radio-opportunity or causal-distance effect,median primary time-to-detect among detected eligible hostile pairs; misses reported as censored
test,pure_attack,falsify,100-200,"[100,200)",1028,30,85017,135.848527463,143.832803834,1011,0.983463035019,0.974720018582,0.991398233255,17,0.0165369649805,0.00860176674486,0.0252799814183,0.300000008,0.300000001,0.300000053,2000,2000,20260803,95% percentile nonparametric RNG-seed-block bootstrap,per-pair arithmetic mean Euclidean oracle separation over received malicious messages in W,conditional on malicious messages received in W; not a radio-opportunity or causal-distance effect,median primary time-to-detect among detected eligible hostile pairs; misses reported as censored
test,pure_attack,falsify,200-300,"[200,300]",680,30,11130,232.17000504,245.744644276,627,0.922058823529,0.89939887222,0.942943930773,53,0.0779411764706,0.0570560692271,0.10060112778,0,0,0,2000,2000,20260803,95% percentile nonparametric RNG-seed-block bootstrap,per-pair arithmetic mean Euclidean oracle separation over received malicious messages in W,conditional on malicious messages received in W; not a radio-opportunity or causal-distance effect,median primary time-to-detect among detected eligible hostile pairs; misses reported as censored
test,pure_attack,falsify,>300,"(300,inf)",224,30,510,328.521376077,333.659610229,123,0.549107142857,0.476409478886,0.6153930131,101,0.450892857143,0.3846069869,0.523590521114,0,0,0,2000,2000,20260803,95% percentile nonparametric RNG-seed-block bootstrap,per-pair arithmetic mean Euclidean oracle separation over received malicious messages in W,conditional on malicious messages received in W; not a radio-opportunity or causal-distance effect,median primary time-to-detect among detected eligible hostile pairs; misses reported as censored
test,pure_attack,replay,0-100,"[0,100)",16851,30,483775,71.1016517612,75.8158063274,16123,0.956797816153,0.952944257234,0.960567614334,728,0.0432021838467,0.0394323856663,0.0470557427657,0.267951723,0.199999965,0.299999946,2000,2000,20260803,95% percentile nonparametric RNG-seed-block bootstrap,per-pair arithmetic mean Euclidean oracle separation over received malicious messages in W,conditional on malicious messages received in W; not a radio-opportunity or causal-distance effect,median primary time-to-detect among detected eligible hostile pairs; misses reported as censored
test,pure_attack,replay,100-200,"[100,200)",9179,30,140452,125.724788529,128.172366891,8587,0.935504956967,0.930561489078,0.940491930702,592,0.064495043033,0.059508069298,0.0694385109216,0,0,0.073040952,2000,2000,20260803,95% percentile nonparametric RNG-seed-block bootstrap,per-pair arithmetic mean Euclidean oracle separation over received malicious messages in W,conditional on malicious messages received in W; not a radio-opportunity or causal-distance effect,median primary time-to-detect among detected eligible hostile pairs; misses reported as censored
test,pure_attack,replay,200-300,"[200,300]",1705,30,6813,227.136164321,231.722681414,1303,0.7642228739,0.742050096096,0.786749250935,402,0.2357771261,0.213250749065,0.257949903904,0,0,0,2000,2000,20260803,95% percentile nonparametric RNG-seed-block bootstrap,per-pair arithmetic mean Euclidean oracle separation over received malicious messages in W,conditional on malicious messages received in W; not a radio-opportunity or causal-distance effect,median primary time-to-detect among detected eligible hostile pairs; misses reported as censored
test,pure_attack,replay,>300,"(300,inf)",226,30,288,326.627855555,322.46412831,110,0.486725663717,0.431180170769,0.539581246395,116,0.513274336283,0.460418753605,0.568819829231,0,0,0,2000,2000,20260803,95% percentile nonparametric RNG-seed-block bootstrap,per-pair arithmetic mean Euclidean oracle separation over received malicious messages in W,conditional on malicious messages received in W; not a radio-opportunity or causal-distance effect,median primary time-to-detect among detected eligible hostile pairs; misses reported as censored
test,pure_attack,revheading,0-100,"[0,100)",6244,30,534996,73.7480099517,83.6176710357,6244,1,1,1,0,0,0,0,1.399999747,1.399999728,1.3999997595,2000,2000,20260803,95% percentile nonparametric RNG-seed-block bootstrap,per-pair arithmetic mean Euclidean oracle separation over received malicious messages in W,conditional on malicious messages received in W; not a radio-opportunity or causal-distance effect,median primary time-to-detect among detected eligible hostile pairs; misses reported as censored
test,pure_attack,revheading,100-200,"[100,200)",1028,30,85017,135.848527463,143.832803834,986,0.959143968872,0.946264668104,0.971429274466,42,0.0408560311284,0.0285707255343,0.0537353318965,0.9999998325,0.90000018,1.000000021,2000,2000,20260803,95% percentile nonparametric RNG-seed-block bootstrap,per-pair arithmetic mean Euclidean oracle separation over received malicious messages in W,conditional on malicious messages received in W; not a radio-opportunity or causal-distance effect,median primary time-to-detect among detected eligible hostile pairs; misses reported as censored
test,pure_attack,revheading,200-300,"[200,300]",680,30,11130,232.17000504,245.744644276,539,0.792647058824,0.769345183785,0.813610624795,141,0.207352941176,0.186389375205,0.230654816215,1.700000012,1.600000003,1.90000000851,2000,2000,20260803,95% percentile nonparametric RNG-seed-block bootstrap,per-pair arithmetic mean Euclidean oracle separation over received malicious messages in W,conditional on malicious messages received in W; not a radio-opportunity or causal-distance effect,median primary time-to-detect among detected eligible hostile pairs; misses reported as censored
test,pure_attack,revheading,>300,"(300,inf)",224,30,510,328.521376077,333.659610229,87,0.388392857143,0.320383566885,0.454935622318,137,0.611607142857,0.545064377682,0.679616433115,7.800000105,5.200000023,10.399999877,2000,2000,20260803,95% percentile nonparametric RNG-seed-block bootstrap,per-pair arithmetic mean Euclidean oracle separation over received malicious messages in W,conditional on malicious messages received in W; not a radio-opportunity or causal-distance effect,median primary time-to-detect among detected eligible hostile pairs; misses reported as censored
test,pure_attack,slydos,0-100,"[0,100)",6311,30,858579,73.7675730485,83.8686651138,0,0,0,0,6311,1,1,1,,,,0,2000,20260803,95% percentile nonparametric RNG-seed-block bootstrap,per-pair arithmetic mean Euclidean oracle separation over received malicious messages in W,conditional on malicious messages received in W; not a radio-opportunity or causal-distance effect,median primary time-to-detect among detected eligible hostile pairs; misses reported as censored
test,pure_attack,slydos,100-200,"[100,200)",950,30,128117,137.710001967,147.457816893,0,0,0,0,950,1,1,1,,,,0,2000,20260803,95% percentile nonparametric RNG-seed-block bootstrap,per-pair arithmetic mean Euclidean oracle separation over received malicious messages in W,conditional on malicious messages received in W; not a radio-opportunity or causal-distance effect,median primary time-to-detect among detected eligible hostile pairs; misses reported as censored
test,pure_attack,slydos,200-300,"[200,300]",705,30,17407,231.170042094,244.485673355,0,0,0,0,705,1,1,1,,,,0,2000,20260803,95% percentile nonparametric RNG-seed-block bootstrap,per-pair arithmetic mean Euclidean oracle separation over received malicious messages in W,conditional on malicious messages received in W; not a radio-opportunity or causal-distance effect,median primary time-to-detect among detected eligible hostile pairs; misses reported as censored
test,pure_attack,slydos,>300,"(300,inf)",287,30,824,325.867541047,334.352864384,0,0,0,0,287,1,1,1,,,,0,2000,20260803,95% percentile nonparametric RNG-seed-block bootstrap,per-pair arithmetic mean Euclidean oracle separation over received malicious messages in W,conditional on malicious messages received in W; not a radio-opportunity or causal-distance effect,median primary time-to-detect among detected eligible hostile pairs; misses reported as censored
test,pure_attack,spoof,0-100,"[0,100)",5637,30,530219,73.95238181,83.6189976074,2998,0.531843178996,0.498400538294,0.567962348726,2639,0.468156821004,0.432037651274,0.501599461706,0.5064463015,0.099960015225,1.228807644,2000,2000,20260803,95% percentile nonparametric RNG-seed-block bootstrap,per-pair arithmetic mean Euclidean oracle separation over received malicious messages in W,conditional on malicious messages received in W; not a radio-opportunity or causal-distance effect,median primary time-to-detect among detected eligible hostile pairs; misses reported as censored
test,pure_attack,spoof,100-200,"[100,200)",1007,30,91808,133.67477939,140.066432303,556,0.552135054618,0.508684446437,0.594951593297,451,0.447864945382,0.405048406703,0.491315553563,3.863755402,1.600000301,7.231365502,2000,2000,20260803,95% percentile nonparametric RNG-seed-block bootstrap,per-pair arithmetic mean Euclidean oracle separation over received malicious messages in W,conditional on malicious messages received in W; not a radio-opportunity or causal-distance effect,median primary time-to-detect among detected eligible hostile pairs; misses reported as censored
test,pure_attack,spoof,200-300,"[200,300]",565,30,9195,231.722966005,243.464900317,239,0.423008849558,0.382287474849,0.46416686982,326,0.576991150442,0.53583313018,0.617712525151,1.787488634,0.443246093,7.27920589,2000,2000,20260803,95% percentile nonparametric RNG-seed-block bootstrap,per-pair arithmetic mean Euclidean oracle separation over received malicious messages in W,conditional on malicious messages received in W; not a radio-opportunity or causal-distance effect,median primary time-to-detect among detected eligible hostile pairs; misses reported as censored
test,pure_attack,spoof,>300,"(300,inf)",190,30,431,329.136658473,334.10504725,69,0.363157894737,0.285695780903,0.432062606346,121,0.636842105263,0.567937393654,0.714304219097,0.068898286,0.016424378,1.294475787,2000,2000,20260803,95% percentile nonparametric RNG-seed-block bootstrap,per-pair arithmetic mean Euclidean oracle separation over received malicious messages in W,conditional on malicious messages received in W; not a radio-opportunity or causal-distance effect,median primary time-to-detect among detected eligible hostile pairs; misses reported as censored
test,pure_attack,pooled,0-100,"[0,100)",53873,30,8616559,72.4844943266,82.1675662712,39011,0.724128969985,0.718909911851,0.729740580192,14862,0.275871030015,0.270259419808,0.281090088149,0.899999635,0.799999876,0.899999844025,2000,2000,20260803,95% percentile nonparametric RNG-seed-block bootstrap,per-pair arithmetic mean Euclidean oracle separation over received malicious messages in W,conditional on malicious messages received in W; not a radio-opportunity or causal-distance effect,median primary time-to-detect among detected eligible hostile pairs; misses reported as censored
test,pure_attack,pooled,100-200,"[100,200)",15156,30,1325561,135.592729588,133.958769988,12655,0.834982845078,0.828601193974,0.841171363821,2501,0.165017154922,0.158828636179,0.171398806026,0.300000002,0.299514658,0.300000052,2000,2000,20260803,95% percentile nonparametric RNG-seed-block bootstrap,per-pair arithmetic mean Euclidean oracle separation over received malicious messages in W,conditional on malicious messages received in W; not a radio-opportunity or causal-distance effect,median primary time-to-detect among detected eligible hostile pairs; misses reported as censored
test,pure_attack,pooled,200-300,"[200,300]",5774,30,157695,231.28030598,241.925983633,3248,0.56252164877,0.549449636423,0.57482931043,2526,0.43747835123,0.42517068957,0.450550363577,0,0,0.200000004,2000,2000,20260803,95% percentile nonparametric RNG-seed-block bootstrap,per-pair arithmetic mean Euclidean oracle separation over received malicious messages in W,conditional on malicious messages received in W; not a radio-opportunity or causal-distance effect,median primary time-to-detect among detected eligible hostile pairs; misses reported as censored
test,pure_attack,pooled,>300,"(300,inf)",1853,30,7232,327.406088528,334.666166712,419,0.22611980572,0.200320716531,0.250785590157,1434,0.77388019428,0.749214409843,0.799679283469,0,0,0.068898286,2000,2000,20260803,95% percentile nonparametric RNG-seed-block bootstrap,per-pair arithmetic mean Euclidean oracle separation over received malicious messages in W,conditional on malicious messages received in W; not a radio-opportunity or causal-distance effect,median primary time-to-detect among detected eligible hostile pairs; misses reported as censored
