relative_time_s,cohort,mean_score,ci95_low,ci95_high,seed_n,reception_count,threshold,score_model,detector_source_sha256
-1.95,assigned_constoffset_sender,0.05,0.05,0.05,30,1105,0.498,reference,4ac14a246ef614607159d941d4e9e7561213a4465b5586d47e37963ff0a4dcdb
-1.85,assigned_constoffset_sender,0.05,0.05,0.05,30,1124,0.498,reference,4ac14a246ef614607159d941d4e9e7561213a4465b5586d47e37963ff0a4dcdb
-1.75,assigned_constoffset_sender,0.05,0.05,0.05,30,1131,0.498,reference,4ac14a246ef614607159d941d4e9e7561213a4465b5586d47e37963ff0a4dcdb
-1.65,assigned_constoffset_sender,0.05,0.05,0.05,30,1123,0.498,reference,4ac14a246ef614607159d941d4e9e7561213a4465b5586d47e37963ff0a4dcdb
-1.55,assigned_constoffset_sender,0.05,0.05,0.05,30,1143,0.498,reference,4ac14a246ef614607159d941d4e9e7561213a4465b5586d47e37963ff0a4dcdb
-1.45,assigned_constoffset_sender,0.05,0.05,0.05,30,1117,0.498,reference,4ac14a246ef614607159d941d4e9e7561213a4465b5586d47e37963ff0a4dcdb
-1.35,assigned_constoffset_sender,0.05,0.05,0.05,30,1102,0.498,reference,4ac14a246ef614607159d941d4e9e7561213a4465b5586d47e37963ff0a4dcdb
-1.25,assigned_constoffset_sender,0.05,0.05,0.05,30,1132,0.498,reference,4ac14a246ef614607159d941d4e9e7561213a4465b5586d47e37963ff0a4dcdb
-1.15,assigned_constoffset_sender,0.05,0.05,0.05,30,1133,0.498,reference,4ac14a246ef614607159d941d4e9e7561213a4465b5586d47e37963ff0a4dcdb
-1.05,assigned_constoffset_sender,0.05,0.05,0.05,30,1130,0.498,reference,4ac14a246ef614607159d941d4e9e7561213a4465b5586d47e37963ff0a4dcdb
-0.95,assigned_constoffset_sender,0.05,0.05,0.05,30,1134,0.498,reference,4ac14a246ef614607159d941d4e9e7561213a4465b5586d47e37963ff0a4dcdb
-0.85,assigned_constoffset_sender,0.05,0.05,0.05,30,1147,0.498,reference,4ac14a246ef614607159d941d4e9e7561213a4465b5586d47e37963ff0a4dcdb
-0.75,assigned_constoffset_sender,0.05,0.05,0.05,30,1148,0.498,reference,4ac14a246ef614607159d941d4e9e7561213a4465b5586d47e37963ff0a4dcdb
-0.65,assigned_constoffset_sender,0.05,0.05,0.05,30,1126,0.498,reference,4ac14a246ef614607159d941d4e9e7561213a4465b5586d47e37963ff0a4dcdb
-0.55,assigned_constoffset_sender,0.05,0.05,0.05,30,1160,0.498,reference,4ac14a246ef614607159d941d4e9e7561213a4465b5586d47e37963ff0a4dcdb
-0.45,assigned_constoffset_sender,0.05,0.05,0.05,30,1156,0.498,reference,4ac14a246ef614607159d941d4e9e7561213a4465b5586d47e37963ff0a4dcdb
-0.35,assigned_constoffset_sender,0.05,0.05,0.05,30,1146,0.498,reference,4ac14a246ef614607159d941d4e9e7561213a4465b5586d47e37963ff0a4dcdb
-0.25,assigned_constoffset_sender,0.05,0.05,0.05,30,1144,0.498,reference,4ac14a246ef614607159d941d4e9e7561213a4465b5586d47e37963ff0a4dcdb
-0.15,assigned_constoffset_sender,0.05,0.05,0.05,30,1149,0.498,reference,4ac14a246ef614607159d941d4e9e7561213a4465b5586d47e37963ff0a4dcdb
-0.05,assigned_constoffset_sender,0.05,0.05,0.05,30,1125,0.498,reference,4ac14a246ef614607159d941d4e9e7561213a4465b5586d47e37963ff0a4dcdb
0.05,assigned_constoffset_sender,0.321209835733,0.293113148695,0.349306522772,30,1187,0.498,reference,4ac14a246ef614607159d941d4e9e7561213a4465b5586d47e37963ff0a4dcdb
0.15,assigned_constoffset_sender,0.539591717143,0.503290611366,0.57589282292,30,1148,0.498,reference,4ac14a246ef614607159d941d4e9e7561213a4465b5586d47e37963ff0a4dcdb
0.25,assigned_constoffset_sender,0.714022483777,0.67918785463,0.748857112924,30,1151,0.498,reference,4ac14a246ef614607159d941d4e9e7561213a4465b5586d47e37963ff0a4dcdb
0.35,assigned_constoffset_sender,0.860386904633,0.840404469598,0.880369339668,30,1157,0.498,reference,4ac14a246ef614607159d941d4e9e7561213a4465b5586d47e37963ff0a4dcdb
0.45,assigned_constoffset_sender,0.96207614424,0.954958453969,0.969193834512,30,1176,0.498,reference,4ac14a246ef614607159d941d4e9e7561213a4465b5586d47e37963ff0a4dcdb
0.55,assigned_constoffset_sender,0.962065810113,0.956589242308,0.967542377918,30,1137,0.498,reference,4ac14a246ef614607159d941d4e9e7561213a4465b5586d47e37963ff0a4dcdb
0.65,assigned_constoffset_sender,0.955229174824,0.947706733981,0.962751615667,30,1153,0.498,reference,4ac14a246ef614607159d941d4e9e7561213a4465b5586d47e37963ff0a4dcdb
0.75,assigned_constoffset_sender,0.951539703731,0.945272133916,0.957807273546,30,1178,0.498,reference,4ac14a246ef614607159d941d4e9e7561213a4465b5586d47e37963ff0a4dcdb
0.85,assigned_constoffset_sender,0.944701251173,0.935510432541,0.953892069804,30,1198,0.498,reference,4ac14a246ef614607159d941d4e9e7561213a4465b5586d47e37963ff0a4dcdb
0.95,assigned_constoffset_sender,0.949389957722,0.943085574665,0.955694340778,30,1143,0.498,reference,4ac14a246ef614607159d941d4e9e7561213a4465b5586d47e37963ff0a4dcdb
1.05,assigned_constoffset_sender,0.93407610609,0.925751886347,0.942400325832,30,1144,0.498,reference,4ac14a246ef614607159d941d4e9e7561213a4465b5586d47e37963ff0a4dcdb
1.15,assigned_constoffset_sender,0.928395762309,0.918745809384,0.938045715233,30,1157,0.498,reference,4ac14a246ef614607159d941d4e9e7561213a4465b5586d47e37963ff0a4dcdb
1.25,assigned_constoffset_sender,0.921580636265,0.910958406329,0.932202866201,30,1149,0.498,reference,4ac14a246ef614607159d941d4e9e7561213a4465b5586d47e37963ff0a4dcdb
1.35,assigned_constoffset_sender,0.904878120374,0.894010969763,0.915745270984,30,1146,0.498,reference,4ac14a246ef614607159d941d4e9e7561213a4465b5586d47e37963ff0a4dcdb
1.45,assigned_constoffset_sender,0.905315811967,0.896034976064,0.91459664787,30,1172,0.498,reference,4ac14a246ef614607159d941d4e9e7561213a4465b5586d47e37963ff0a4dcdb
1.55,assigned_constoffset_sender,0.90156829966,0.891761637299,0.911374962021,30,1163,0.498,reference,4ac14a246ef614607159d941d4e9e7561213a4465b5586d47e37963ff0a4dcdb
1.65,assigned_constoffset_sender,0.888811749796,0.876301947095,0.901321552498,30,1149,0.498,reference,4ac14a246ef614607159d941d4e9e7561213a4465b5586d47e37963ff0a4dcdb
1.75,assigned_constoffset_sender,0.872369658065,0.860410082147,0.884329233982,30,1154,0.498,reference,4ac14a246ef614607159d941d4e9e7561213a4465b5586d47e37963ff0a4dcdb
1.85,assigned_constoffset_sender,0.866288310431,0.856518537554,0.876058083309,30,1177,0.498,reference,4ac14a246ef614607159d941d4e9e7561213a4465b5586d47e37963ff0a4dcdb
1.95,assigned_constoffset_sender,0.855731341089,0.843850743955,0.867611938222,30,1179,0.498,reference,4ac14a246ef614607159d941d4e9e7561213a4465b5586d47e37963ff0a4dcdb
2.05,assigned_constoffset_sender,0.837072654873,0.820586901065,0.853558408681,30,1161,0.498,reference,4ac14a246ef614607159d941d4e9e7561213a4465b5586d47e37963ff0a4dcdb
2.15,assigned_constoffset_sender,0.824825161664,0.811690861622,0.837959461706,30,1185,0.498,reference,4ac14a246ef614607159d941d4e9e7561213a4465b5586d47e37963ff0a4dcdb
2.25,assigned_constoffset_sender,0.81440128843,0.801288331259,0.827514245601,30,1163,0.498,reference,4ac14a246ef614607159d941d4e9e7561213a4465b5586d47e37963ff0a4dcdb
2.35,assigned_constoffset_sender,0.810559233457,0.79996376711,0.821154699804,30,1159,0.498,reference,4ac14a246ef614607159d941d4e9e7561213a4465b5586d47e37963ff0a4dcdb
2.45,assigned_constoffset_sender,0.790353484416,0.774757574259,0.805949394572,30,1177,0.498,reference,4ac14a246ef614607159d941d4e9e7561213a4465b5586d47e37963ff0a4dcdb
2.55,assigned_constoffset_sender,0.779706532397,0.763753780763,0.795659284031,30,1184,0.498,reference,4ac14a246ef614607159d941d4e9e7561213a4465b5586d47e37963ff0a4dcdb
2.65,assigned_constoffset_sender,0.760289244661,0.745468817224,0.775109672098,30,1182,0.498,reference,4ac14a246ef614607159d941d4e9e7561213a4465b5586d47e37963ff0a4dcdb
2.75,assigned_constoffset_sender,0.750706727501,0.735818294263,0.76559516074,30,1203,0.498,reference,4ac14a246ef614607159d941d4e9e7561213a4465b5586d47e37963ff0a4dcdb
2.85,assigned_constoffset_sender,0.73772674038,0.722205982978,0.753247497782,30,1145,0.498,reference,4ac14a246ef614607159d941d4e9e7561213a4465b5586d47e37963ff0a4dcdb
2.95,assigned_constoffset_sender,0.717976234746,0.702014747088,0.733937722404,30,1173,0.498,reference,4ac14a246ef614607159d941d4e9e7561213a4465b5586d47e37963ff0a4dcdb
3.05,assigned_constoffset_sender,0.703897413862,0.689832943049,0.717961884676,30,1134,0.498,reference,4ac14a246ef614607159d941d4e9e7561213a4465b5586d47e37963ff0a4dcdb
3.15,assigned_constoffset_sender,0.686954407283,0.668822140886,0.705086673681,30,1154,0.498,reference,4ac14a246ef614607159d941d4e9e7561213a4465b5586d47e37963ff0a4dcdb
3.25,assigned_constoffset_sender,0.669360048953,0.654293965977,0.684426131929,30,1172,0.498,reference,4ac14a246ef614607159d941d4e9e7561213a4465b5586d47e37963ff0a4dcdb
3.35,assigned_constoffset_sender,0.653887323034,0.634677976549,0.67309666952,30,1171,0.498,reference,4ac14a246ef614607159d941d4e9e7561213a4465b5586d47e37963ff0a4dcdb
3.45,assigned_constoffset_sender,0.644255341166,0.624862626604,0.663648055729,30,1161,0.498,reference,4ac14a246ef614607159d941d4e9e7561213a4465b5586d47e37963ff0a4dcdb
3.55,assigned_constoffset_sender,0.625985284041,0.607251187922,0.64471938016,30,1144,0.498,reference,4ac14a246ef614607159d941d4e9e7561213a4465b5586d47e37963ff0a4dcdb
3.65,assigned_constoffset_sender,0.611070214917,0.595076697933,0.627063731901,30,1174,0.498,reference,4ac14a246ef614607159d941d4e9e7561213a4465b5586d47e37963ff0a4dcdb
3.75,assigned_constoffset_sender,0.589040935733,0.571936848534,0.606145022932,30,1180,0.498,reference,4ac14a246ef614607159d941d4e9e7561213a4465b5586d47e37963ff0a4dcdb
3.85,assigned_constoffset_sender,0.575126380687,0.557513274707,0.592739486668,30,1133,0.498,reference,4ac14a246ef614607159d941d4e9e7561213a4465b5586d47e37963ff0a4dcdb
3.95,assigned_constoffset_sender,0.551751129831,0.532219448223,0.571282811438,30,1179,0.498,reference,4ac14a246ef614607159d941d4e9e7561213a4465b5586d47e37963ff0a4dcdb
4.05,assigned_constoffset_sender,0.546640332677,0.527638177011,0.565642488343,30,1158,0.498,reference,4ac14a246ef614607159d941d4e9e7561213a4465b5586d47e37963ff0a4dcdb
4.15,assigned_constoffset_sender,0.526984878224,0.509577444765,0.544392311683,30,1166,0.498,reference,4ac14a246ef614607159d941d4e9e7561213a4465b5586d47e37963ff0a4dcdb
4.25,assigned_constoffset_sender,0.513283048068,0.494056226711,0.532509869424,30,1155,0.498,reference,4ac14a246ef614607159d941d4e9e7561213a4465b5586d47e37963ff0a4dcdb
4.35,assigned_constoffset_sender,0.491367939556,0.475743384763,0.506992494349,30,1134,0.498,reference,4ac14a246ef614607159d941d4e9e7561213a4465b5586d47e37963ff0a4dcdb
4.45,assigned_constoffset_sender,0.477353955519,0.461004942572,0.493702968465,30,1163,0.498,reference,4ac14a246ef614607159d941d4e9e7561213a4465b5586d47e37963ff0a4dcdb
4.55,assigned_constoffset_sender,0.463459734144,0.448712626088,0.478206842201,30,1190,0.498,reference,4ac14a246ef614607159d941d4e9e7561213a4465b5586d47e37963ff0a4dcdb
4.65,assigned_constoffset_sender,0.447283692818,0.4311310808,0.463436304835,30,1189,0.498,reference,4ac14a246ef614607159d941d4e9e7561213a4465b5586d47e37963ff0a4dcdb
4.75,assigned_constoffset_sender,0.436557484578,0.422404059424,0.450710909731,30,1164,0.498,reference,4ac14a246ef614607159d941d4e9e7561213a4465b5586d47e37963ff0a4dcdb
4.85,assigned_constoffset_sender,0.415125062927,0.401317465883,0.428932659972,30,1121,0.498,reference,4ac14a246ef614607159d941d4e9e7561213a4465b5586d47e37963ff0a4dcdb
4.95,assigned_constoffset_sender,0.409339048675,0.394517187981,0.424160909369,30,1210,0.498,reference,4ac14a246ef614607159d941d4e9e7561213a4465b5586d47e37963ff0a4dcdb
5.05,assigned_constoffset_sender,nan,nan,nan,0,0,0.498,reference,4ac14a246ef614607159d941d4e9e7561213a4465b5586d47e37963ff0a4dcdb
-1.95,honest_reference_sender,0.05,0.05,0.05,30,2447,0.498,reference,4ac14a246ef614607159d941d4e9e7561213a4465b5586d47e37963ff0a4dcdb
-1.85,honest_reference_sender,0.05,0.05,0.05,30,2453,0.498,reference,4ac14a246ef614607159d941d4e9e7561213a4465b5586d47e37963ff0a4dcdb
-1.75,honest_reference_sender,0.05,0.05,0.05,30,2478,0.498,reference,4ac14a246ef614607159d941d4e9e7561213a4465b5586d47e37963ff0a4dcdb
-1.65,honest_reference_sender,0.05,0.05,0.05,30,2475,0.498,reference,4ac14a246ef614607159d941d4e9e7561213a4465b5586d47e37963ff0a4dcdb
-1.55,honest_reference_sender,0.05,0.05,0.05,30,2464,0.498,reference,4ac14a246ef614607159d941d4e9e7561213a4465b5586d47e37963ff0a4dcdb
-1.45,honest_reference_sender,0.05,0.05,0.05,30,2493,0.498,reference,4ac14a246ef614607159d941d4e9e7561213a4465b5586d47e37963ff0a4dcdb
-1.35,honest_reference_sender,0.05,0.05,0.05,30,2485,0.498,reference,4ac14a246ef614607159d941d4e9e7561213a4465b5586d47e37963ff0a4dcdb
-1.25,honest_reference_sender,0.05,0.05,0.05,30,2516,0.498,reference,4ac14a246ef614607159d941d4e9e7561213a4465b5586d47e37963ff0a4dcdb
-1.15,honest_reference_sender,0.05,0.05,0.05,30,2499,0.498,reference,4ac14a246ef614607159d941d4e9e7561213a4465b5586d47e37963ff0a4dcdb
-1.05,honest_reference_sender,0.05,0.05,0.05,30,2494,0.498,reference,4ac14a246ef614607159d941d4e9e7561213a4465b5586d47e37963ff0a4dcdb
-0.95,honest_reference_sender,0.05,0.05,0.05,30,2499,0.498,reference,4ac14a246ef614607159d941d4e9e7561213a4465b5586d47e37963ff0a4dcdb
-0.85,honest_reference_sender,0.05,0.05,0.05,30,2502,0.498,reference,4ac14a246ef614607159d941d4e9e7561213a4465b5586d47e37963ff0a4dcdb
-0.75,honest_reference_sender,0.05,0.05,0.05,30,2514,0.498,reference,4ac14a246ef614607159d941d4e9e7561213a4465b5586d47e37963ff0a4dcdb
-0.65,honest_reference_sender,0.05,0.05,0.05,30,2516,0.498,reference,4ac14a246ef614607159d941d4e9e7561213a4465b5586d47e37963ff0a4dcdb
-0.55,honest_reference_sender,0.05,0.05,0.05,30,2510,0.498,reference,4ac14a246ef614607159d941d4e9e7561213a4465b5586d47e37963ff0a4dcdb
-0.45,honest_reference_sender,0.05,0.05,0.05,30,2522,0.498,reference,4ac14a246ef614607159d941d4e9e7561213a4465b5586d47e37963ff0a4dcdb
-0.35,honest_reference_sender,0.05,0.05,0.05,30,2498,0.498,reference,4ac14a246ef614607159d941d4e9e7561213a4465b5586d47e37963ff0a4dcdb
-0.25,honest_reference_sender,0.05,0.05,0.05,30,2491,0.498,reference,4ac14a246ef614607159d941d4e9e7561213a4465b5586d47e37963ff0a4dcdb
-0.15,honest_reference_sender,0.05,0.05,0.05,30,2536,0.498,reference,4ac14a246ef614607159d941d4e9e7561213a4465b5586d47e37963ff0a4dcdb
-0.05,honest_reference_sender,0.05,0.05,0.05,30,2540,0.498,reference,4ac14a246ef614607159d941d4e9e7561213a4465b5586d47e37963ff0a4dcdb
0.05,honest_reference_sender,0.05,0.05,0.05,30,2521,0.498,reference,4ac14a246ef614607159d941d4e9e7561213a4465b5586d47e37963ff0a4dcdb
0.15,honest_reference_sender,0.05,0.05,0.05,30,2508,0.498,reference,4ac14a246ef614607159d941d4e9e7561213a4465b5586d47e37963ff0a4dcdb
0.25,honest_reference_sender,0.05,0.05,0.05,30,2575,0.498,reference,4ac14a246ef614607159d941d4e9e7561213a4465b5586d47e37963ff0a4dcdb
0.35,honest_reference_sender,0.05,0.05,0.05,30,2556,0.498,reference,4ac14a246ef614607159d941d4e9e7561213a4465b5586d47e37963ff0a4dcdb
0.45,honest_reference_sender,0.05,0.05,0.05,30,2544,0.498,reference,4ac14a246ef614607159d941d4e9e7561213a4465b5586d47e37963ff0a4dcdb
0.55,honest_reference_sender,0.05,0.05,0.05,30,2535,0.498,reference,4ac14a246ef614607159d941d4e9e7561213a4465b5586d47e37963ff0a4dcdb
0.65,honest_reference_sender,0.05,0.05,0.05,30,2544,0.498,reference,4ac14a246ef614607159d941d4e9e7561213a4465b5586d47e37963ff0a4dcdb
0.75,honest_reference_sender,0.05,0.05,0.05,30,2579,0.498,reference,4ac14a246ef614607159d941d4e9e7561213a4465b5586d47e37963ff0a4dcdb
0.85,honest_reference_sender,0.05,0.05,0.05,30,2600,0.498,reference,4ac14a246ef614607159d941d4e9e7561213a4465b5586d47e37963ff0a4dcdb
0.95,honest_reference_sender,0.05,0.05,0.05,30,2590,0.498,reference,4ac14a246ef614607159d941d4e9e7561213a4465b5586d47e37963ff0a4dcdb
1.05,honest_reference_sender,0.05,0.05,0.05,30,2531,0.498,reference,4ac14a246ef614607159d941d4e9e7561213a4465b5586d47e37963ff0a4dcdb
1.15,honest_reference_sender,0.05,0.05,0.05,30,2580,0.498,reference,4ac14a246ef614607159d941d4e9e7561213a4465b5586d47e37963ff0a4dcdb
1.25,honest_reference_sender,0.05,0.05,0.05,30,2592,0.498,reference,4ac14a246ef614607159d941d4e9e7561213a4465b5586d47e37963ff0a4dcdb
1.35,honest_reference_sender,0.05,0.05,0.05,30,2537,0.498,reference,4ac14a246ef614607159d941d4e9e7561213a4465b5586d47e37963ff0a4dcdb
1.45,honest_reference_sender,0.05,0.05,0.05,30,2566,0.498,reference,4ac14a246ef614607159d941d4e9e7561213a4465b5586d47e37963ff0a4dcdb
1.55,honest_reference_sender,0.05,0.05,0.05,30,2566,0.498,reference,4ac14a246ef614607159d941d4e9e7561213a4465b5586d47e37963ff0a4dcdb
1.65,honest_reference_sender,0.05,0.05,0.05,30,2537,0.498,reference,4ac14a246ef614607159d941d4e9e7561213a4465b5586d47e37963ff0a4dcdb
1.75,honest_reference_sender,0.05,0.05,0.05,30,2563,0.498,reference,4ac14a246ef614607159d941d4e9e7561213a4465b5586d47e37963ff0a4dcdb
1.85,honest_reference_sender,0.05,0.05,0.05,30,2590,0.498,reference,4ac14a246ef614607159d941d4e9e7561213a4465b5586d47e37963ff0a4dcdb
1.95,honest_reference_sender,0.05,0.05,0.05,30,2588,0.498,reference,4ac14a246ef614607159d941d4e9e7561213a4465b5586d47e37963ff0a4dcdb
2.05,honest_reference_sender,0.05,0.05,0.05,30,2627,0.498,reference,4ac14a246ef614607159d941d4e9e7561213a4465b5586d47e37963ff0a4dcdb
2.15,honest_reference_sender,0.05,0.05,0.05,30,2610,0.498,reference,4ac14a246ef614607159d941d4e9e7561213a4465b5586d47e37963ff0a4dcdb
2.25,honest_reference_sender,0.05,0.05,0.05,30,2581,0.498,reference,4ac14a246ef614607159d941d4e9e7561213a4465b5586d47e37963ff0a4dcdb
2.35,honest_reference_sender,0.05,0.05,0.05,30,2570,0.498,reference,4ac14a246ef614607159d941d4e9e7561213a4465b5586d47e37963ff0a4dcdb
2.45,honest_reference_sender,0.05,0.05,0.05,30,2594,0.498,reference,4ac14a246ef614607159d941d4e9e7561213a4465b5586d47e37963ff0a4dcdb
2.55,honest_reference_sender,0.05,0.05,0.05,30,2569,0.498,reference,4ac14a246ef614607159d941d4e9e7561213a4465b5586d47e37963ff0a4dcdb
2.65,honest_reference_sender,0.05,0.05,0.05,30,2599,0.498,reference,4ac14a246ef614607159d941d4e9e7561213a4465b5586d47e37963ff0a4dcdb
2.75,honest_reference_sender,0.05,0.05,0.05,30,2609,0.498,reference,4ac14a246ef614607159d941d4e9e7561213a4465b5586d47e37963ff0a4dcdb
2.85,honest_reference_sender,0.05,0.05,0.05,30,2518,0.498,reference,4ac14a246ef614607159d941d4e9e7561213a4465b5586d47e37963ff0a4dcdb
2.95,honest_reference_sender,0.05,0.05,0.05,30,2619,0.498,reference,4ac14a246ef614607159d941d4e9e7561213a4465b5586d47e37963ff0a4dcdb
3.05,honest_reference_sender,0.05,0.05,0.05,30,2616,0.498,reference,4ac14a246ef614607159d941d4e9e7561213a4465b5586d47e37963ff0a4dcdb
3.15,honest_reference_sender,0.05,0.05,0.05,30,2563,0.498,reference,4ac14a246ef614607159d941d4e9e7561213a4465b5586d47e37963ff0a4dcdb
3.25,honest_reference_sender,0.05,0.05,0.05,30,2553,0.498,reference,4ac14a246ef614607159d941d4e9e7561213a4465b5586d47e37963ff0a4dcdb
3.35,honest_reference_sender,0.05,0.05,0.05,30,2640,0.498,reference,4ac14a246ef614607159d941d4e9e7561213a4465b5586d47e37963ff0a4dcdb
3.45,honest_reference_sender,0.05,0.05,0.05,30,2611,0.498,reference,4ac14a246ef614607159d941d4e9e7561213a4465b5586d47e37963ff0a4dcdb
3.55,honest_reference_sender,0.05,0.05,0.05,30,2619,0.498,reference,4ac14a246ef614607159d941d4e9e7561213a4465b5586d47e37963ff0a4dcdb
3.65,honest_reference_sender,0.05,0.05,0.05,30,2598,0.498,reference,4ac14a246ef614607159d941d4e9e7561213a4465b5586d47e37963ff0a4dcdb
3.75,honest_reference_sender,0.05,0.05,0.05,30,2604,0.498,reference,4ac14a246ef614607159d941d4e9e7561213a4465b5586d47e37963ff0a4dcdb
3.85,honest_reference_sender,0.05,0.05,0.05,30,2638,0.498,reference,4ac14a246ef614607159d941d4e9e7561213a4465b5586d47e37963ff0a4dcdb
3.95,honest_reference_sender,0.05,0.05,0.05,30,2595,0.498,reference,4ac14a246ef614607159d941d4e9e7561213a4465b5586d47e37963ff0a4dcdb
4.05,honest_reference_sender,0.05,0.05,0.05,30,2612,0.498,reference,4ac14a246ef614607159d941d4e9e7561213a4465b5586d47e37963ff0a4dcdb
4.15,honest_reference_sender,0.05,0.05,0.05,30,2620,0.498,reference,4ac14a246ef614607159d941d4e9e7561213a4465b5586d47e37963ff0a4dcdb
4.25,honest_reference_sender,0.05,0.05,0.05,30,2576,0.498,reference,4ac14a246ef614607159d941d4e9e7561213a4465b5586d47e37963ff0a4dcdb
4.35,honest_reference_sender,0.05,0.05,0.05,30,2606,0.498,reference,4ac14a246ef614607159d941d4e9e7561213a4465b5586d47e37963ff0a4dcdb
4.45,honest_reference_sender,0.05,0.05,0.05,30,2578,0.498,reference,4ac14a246ef614607159d941d4e9e7561213a4465b5586d47e37963ff0a4dcdb
4.55,honest_reference_sender,0.05,0.05,0.05,30,2604,0.498,reference,4ac14a246ef614607159d941d4e9e7561213a4465b5586d47e37963ff0a4dcdb
4.65,honest_reference_sender,0.05,0.05,0.05,30,2613,0.498,reference,4ac14a246ef614607159d941d4e9e7561213a4465b5586d47e37963ff0a4dcdb
4.75,honest_reference_sender,0.05,0.05,0.05,30,2584,0.498,reference,4ac14a246ef614607159d941d4e9e7561213a4465b5586d47e37963ff0a4dcdb
4.85,honest_reference_sender,0.05,0.05,0.05,30,2601,0.498,reference,4ac14a246ef614607159d941d4e9e7561213a4465b5586d47e37963ff0a4dcdb
4.95,honest_reference_sender,0.05,0.05,0.05,30,2614,0.498,reference,4ac14a246ef614607159d941d4e9e7561213a4465b5586d47e37963ff0a4dcdb
5.05,honest_reference_sender,nan,nan,nan,0,0,0.498,reference,4ac14a246ef614607159d941d4e9e7561213a4465b5586d47e37963ff0a4dcdb
