family,arm,tau_s,rmst_s,rmst_ci95_low,rmst_ci95_high,rmst_metric_n,detected_fraction,detected_fraction_ci95_low,detected_fraction_ci95_high,detected_fraction_metric_n,positive_pairs,events,censored,cluster_unit,rmst_horizon_rule,rmst_unsupported_seed_runs,rmst_support_requirement
mixedhard_prevalence,mixedhard_frac_0p2,4.0,nan,nan,nan,0,0.6666666666666666,nan,nan,1,9,6,3,RNG seed,common preregistered horizon,1,follow-up reaches tau or KM survival reaches zero; otherwise seed RMST is undefined and excluded
mixedhard_prevalence,mixedhard_frac_0p5,4.0,0.6849698997222224,nan,nan,1,0.5,nan,nan,1,6,3,3,RNG seed,common preregistered horizon,0,follow-up reaches tau or KM survival reaches zero; otherwise seed RMST is undefined and excluded
mobility,manoeuvre,4.0,nan,nan,nan,0,0.42857142857142855,nan,nan,1,7,3,4,RNG seed,common preregistered horizon,1,follow-up reaches tau or KM survival reaches zero; otherwise seed RMST is undefined and excluded
noise_misspecification,actual_2_assumed_4,4.0,0.6849698997222224,nan,nan,1,0.5,nan,nan,1,6,3,3,RNG seed,common preregistered horizon,0,follow-up reaches tau or KM survival reaches zero; otherwise seed RMST is undefined and excluded
noise_misspecification,actual_4_assumed_2,4.0,0.6849698997222224,nan,nan,1,0.5,nan,nan,1,6,3,3,RNG seed,common preregistered horizon,0,follow-up reaches tau or KM survival reaches zero; otherwise seed RMST is undefined and excluded
noise_misspecification,actual_8_assumed_2,4.0,0.5422221357777781,nan,nan,1,0.6666666666666666,nan,nan,1,6,4,2,RNG seed,common preregistered horizon,0,follow-up reaches tau or KM survival reaches zero; otherwise seed RMST is undefined and excluded
pure_attack,pure_constoffset,4.0,0.12500000374999998,nan,nan,1,1.0,nan,nan,1,4,4,0,RNG seed,common preregistered horizon,0,follow-up reaches tau or KM survival reaches zero; otherwise seed RMST is undefined and excluded
pure_attack,pure_dos,4.0,0.4424999860000002,nan,nan,1,1.0,nan,nan,1,4,4,0,RNG seed,common preregistered horizon,0,follow-up reaches tau or KM survival reaches zero; otherwise seed RMST is undefined and excluded
pure_attack,pure_falsify,4.0,0.12500000374999998,nan,nan,1,1.0,nan,nan,1,4,4,0,RNG seed,common preregistered horizon,0,follow-up reaches tau or KM survival reaches zero; otherwise seed RMST is undefined and excluded
pure_attack,pure_replay,4.0,0.0,nan,nan,1,1.0,nan,nan,1,10,10,0,RNG seed,common preregistered horizon,0,follow-up reaches tau or KM survival reaches zero; otherwise seed RMST is undefined and excluded
pure_attack,pure_revheading,4.0,0.12500000374999998,nan,nan,1,1.0,nan,nan,1,4,4,0,RNG seed,common preregistered horizon,0,follow-up reaches tau or KM survival reaches zero; otherwise seed RMST is undefined and excluded
pure_attack,pure_slydos,4.0,4.0,nan,nan,1,0.0,nan,nan,1,4,0,4,RNG seed,common preregistered horizon,0,follow-up reaches tau or KM survival reaches zero; otherwise seed RMST is undefined and excluded
pure_attack,pure_spoof,4.0,2.2868972865000003,nan,nan,1,0.5,nan,nan,1,4,2,2,RNG seed,common preregistered horizon,0,follow-up reaches tau or KM survival reaches zero; otherwise seed RMST is undefined and excluded
scale,scale_n_21,4.0,nan,nan,nan,0,0.8333333333333334,nan,nan,1,6,5,1,RNG seed,common preregistered horizon,1,follow-up reaches tau or KM survival reaches zero; otherwise seed RMST is undefined and excluded
scale,scale_n_7,4.0,nan,nan,nan,0,0.0,nan,nan,1,1,0,1,RNG seed,common preregistered horizon,1,follow-up reaches tau or KM survival reaches zero; otherwise seed RMST is undefined and excluded
score_variant,reference_half_life_1p351,4.0,0.6849698997222224,nan,nan,1,0.5,nan,nan,1,6,3,3,RNG seed,common preregistered horizon,0,follow-up reaches tau or KM survival reaches zero; otherwise seed RMST is undefined and excluded
score_variant,reference_no_forgetting,4.0,0.6849698997222224,nan,nan,1,0.5,nan,nan,1,6,3,3,RNG seed,common preregistered horizon,0,follow-up reaches tau or KM survival reaches zero; otherwise seed RMST is undefined and excluded
steady_state,pure_constoffset_steady,4.0,4.0,nan,nan,1,0.0,nan,nan,1,4,0,4,RNG seed,common preregistered horizon,0,follow-up reaches tau or KM survival reaches zero; otherwise seed RMST is undefined and excluded
steady_state,pure_falsify_steady,4.0,0.12500000374999998,nan,nan,1,1.0,nan,nan,1,4,4,0,RNG seed,common preregistered horizon,0,follow-up reaches tau or KM survival reaches zero; otherwise seed RMST is undefined and excluded
steady_state,pure_revheading_steady,4.0,0.12500000374999998,nan,nan,1,1.0,nan,nan,1,4,4,0,RNG seed,common preregistered horizon,0,follow-up reaches tau or KM survival reaches zero; otherwise seed RMST is undefined and excluded
steady_state,pure_slydos_steady,4.0,4.0,nan,nan,1,0.0,nan,nan,1,4,0,4,RNG seed,common preregistered horizon,0,follow-up reaches tau or KM survival reaches zero; otherwise seed RMST is undefined and excluded
