n,frac,attack,run,detector,null_ev,naive_th,llr,prior,decay,gps_sigma,bsm_bytes,pair_tpr,pair_fpr,pair_precision,pair_f1,ever_tpr,ever_fpr,median_ttd,ttd_detected_frac,contested,contested_flagged,msg_tpr,msg_fpr,auc,latency_ms,pdr,det_us
50,0.1,mixed,3,1,0,0,elicited,0.05,0.98,2,350,1,0,1,1,1,0,0.9,1,195,141,0.703559,0.0901317,0.817202,6.36657,0.513547,6.56013
50,0.1,mixed,2,1,0,0,elicited,0.05,0.98,2,350,0.982759,0,1,0.991304,0.982759,0,0.900328,0.982759,201,147,0.732185,0.0596392,0.853174,9.07102,0.456365,6.88148
50,0.1,mixed,6,1,0,0,elicited,0.05,0.98,2,350,0.925,0,1,0.961039,0.9375,0,1,0.9375,23,6,0.922867,0.007954,0.966588,7.3211,0.436899,7.48687
50,0.1,mixed,4,1,0,0,elicited,0.05,0.98,2,350,0.816667,0,1,0.899083,0.833333,0,1.4,0.833333,469,346,0.93586,0.267524,0.889519,9.30549,0.479599,6.96156
50,0.1,mixed,1,1,0,0,elicited,0.05,0.98,2,350,0.813559,0,1,0.897196,0.830508,0,1.77,0.830508,246,192,0.854439,0.0620765,0.911026,7.17694,0.463819,7.73572
50,0.1,mixed,5,1,0,0,elicited,0.05,0.98,2,350,0.92,0,1,0.958333,0.92,0,1.7,0.92,239,196,0.936106,0.0852699,0.942269,9.32896,0.476535,7.69625
50,0.1,mixed,7,1,0,0,elicited,0.05,0.98,2,350,0.791045,0,1,0.883333,0.850746,0,1.26,0.850746,225,163,0.930543,0.0708956,0.95052,13.5373,0.474331,7.83998
50,0.1,mixed,13,1,0,0,elicited,0.05,0.98,2,350,nan,0,nan,nan,nan,0,nan,nan,677,596,0.832991,0.143776,0.886558,7.12288,0.487876,7.4573
50,0.1,mixed,12,1,0,0,elicited,0.05,0.98,2,350,0.942857,0,1,0.970588,0.957143,0,0.7,0.957143,382,323,0.945623,0.133721,0.943247,8.9725,0.451931,7.60772
50,0.1,mixed,9,1,0,0,elicited,0.05,0.98,2,350,0.857143,0,1,0.923077,0.909091,0,1,0.909091,26,3,0.890248,0.0020962,0.953338,13.1963,0.470169,8.51632
50,0.1,mixed,10,1,0,0,elicited,0.05,0.98,2,350,0.92,0,1,0.958333,0.94,0,2.28,0.94,213,149,0.887706,0.0635763,0.932964,9.80853,0.479078,7.99587
50,0.1,mixed,11,1,0,0,elicited,0.05,0.98,2,350,0.882353,0,1,0.9375,0.911765,0,2.49003,0.911765,282,221,0.920503,0.0904931,0.939017,6.73877,0.457682,8.53228
50,0.1,mixed,8,1,0,0,elicited,0.05,0.98,2,350,0.899329,0,1,0.946996,0.939597,0,1.9,0.939597,0,0,0.953292,0,0.979536,11.7276,0.461007,8.88873
50,0.1,mixed,14,1,0,0,elicited,0.05,0.98,2,350,0.825,0,1,0.90411,0.85,0,1.06,0.85,200,157,0.966987,0.0543638,0.973806,5.81803,0.499851,7.98554
50,0.1,mixed,15,1,0,0,elicited,0.05,0.98,2,350,0.893617,0,1,0.94382,0.893617,0,1.4,0.893617,230,181,0.960563,0.038188,0.977034,11.3655,0.480767,6.58026
50,0.1,mixed,16,1,0,0,elicited,0.05,0.98,2,350,0.925926,0,1,0.961538,0.925926,0,0.9,0.925926,151,81,0.461587,0.0175292,0.72892,7.05348,0.483752,6.26247
50,0.1,mixed,17,1,0,0,elicited,0.05,0.98,2,350,0.936508,0,1,0.967213,0.968254,0,0.8,0.968254,93,58,0.839275,0.0329149,0.92263,8.57171,0.462332,6.22752
50,0.1,mixed,18,1,0,0,elicited,0.05,0.98,2,350,0.9,0,1,0.947368,0.925,0,1,0.925,49,22,0.851057,0.0197324,0.927402,7.44357,0.478752,6.24753
50,0.1,mixed,19,1,0,0,elicited,0.05,0.98,2,350,0.85124,0,1,0.919643,0.876033,0,1.89013,0.876033,0,0,0.945092,0,0.973751,6.23145,0.463722,6.38197
50,0.1,mixed,21,1,0,0,elicited,0.05,0.98,2,350,0.967742,0,1,0.983607,1,0,1.6712,1,223,168,0.93262,0.0962016,0.933216,9.10925,0.482626,6.3454
50,0.1,mixed,20,1,0,0,elicited,0.05,0.98,2,350,0.9,0,1,0.947368,0.925,0,1.6,0.925,252,203,0.934749,0.0580531,0.956666,7.47214,0.451835,6.63338
50,0.1,mixed,23,1,0,0,elicited,0.05,0.98,2,350,1,0,1,1,1,0,0.7,1,217,144,0.6247,0.0639699,0.816682,4.13748,0.478695,5.70581
50,0.1,mixed,22,1,0,0,elicited,0.05,0.98,2,350,0.870968,0,1,0.931034,0.892473,0,1.7,0.892473,138,115,0.959061,0.0702064,0.958154,6.75259,0.486516,6.35238
50,0.1,mixed,25,1,0,0,elicited,0.05,0.98,2,350,0.942857,0,1,0.970588,0.971429,0.000963391,0.7,0.971429,25,0,0.88386,0.00102302,0.944672,11.1435,0.445237,6.51122
50,0.1,mixed,24,1,0,0,elicited,0.05,0.98,2,350,0.915493,0,1,0.955882,0.915493,0,2.11,0.915493,244,190,0.895679,0.0567794,0.933451,10.0714,0.475616,6.44671
50,0.1,mixed,26,1,0,0,elicited,0.05,0.98,2,350,0.830189,0,1,0.907216,0.886792,0,1.6,0.886792,346,307,0.956251,0.121627,0.943558,6.18528,0.455095,6.66967
50,0.1,mixed,27,1,0,0,elicited,0.05,0.98,2,350,0.946429,0,1,0.972477,0.964286,0,1.2,0.964286,73,15,0.793232,0.023935,0.89635,9.47373,0.4933,6.72798
50,0.1,mixed,28,1,0,0,elicited,0.05,0.98,2,350,1,0,1,1,1,0,0.7,1,313,218,0.804482,0.129227,0.86792,8.49577,0.447732,6.25156
50,0.1,mixed,29,1,0,0,elicited,0.05,0.98,2,350,0.894309,0,1,0.944206,0.910569,0,0.8,0.910569,0,0,0.968784,0,0.986926,8.21371,0.448459,7.6142
50,0.2,mixed,1,1,0,0,elicited,0.05,0.98,2,350,0.861386,0,1,0.925532,0.871287,0,1,0.871287,259,187,0.864797,0.0705059,0.916381,7.21782,0.461471,6.43062
50,0.1,mixed,30,1,0,0,elicited,0.05,0.98,2,350,0.943548,0,1,0.970954,0.967742,0,0.7,0.967742,0,0,0.968136,0,0.985658,11.608,0.457828,6.67054
50,0.2,mixed,2,1,0,0,elicited,0.05,0.98,2,350,0.941176,0,1,0.969697,0.941176,0,0.899987,0.941176,415,312,0.858598,0.103143,0.900372,8.36545,0.459622,6.54165
50,0.2,mixed,3,1,0,0,elicited,0.05,0.98,2,350,0.987342,0,1,0.993631,0.987342,0,0.8,0.987342,226,154,0.897803,0.0908152,0.92491,6.40403,0.530206,5.63768
50,0.2,mixed,5,1,0,0,elicited,0.05,0.98,2,350,0.922078,0,1,0.959459,0.922078,0,1.4,0.922078,298,213,0.871895,0.1251,0.897251,9.20752,0.478913,6.10887
50,0.2,mixed,4,1,0,0,elicited,0.05,0.98,2,350,0.900763,0,1,0.947791,0.938931,0,0.9,0.938931,356,272,0.95135,0.215043,0.916335,8.89809,0.467634,6.84494
50,0.2,mixed,6,1,0,0,elicited,0.05,0.98,2,350,0.911243,0,1,0.95356,0.934911,0,1.10184,0.934911,124,77,0.937354,0.0422205,0.959968,7.56431,0.440937,5.65638
50,0.2,mixed,10,1,0,0,elicited,0.05,0.98,2,350,0.935897,0,1,0.966887,0.948718,0,1.5,0.948718,386,303,0.936933,0.179301,0.927073,10.4698,0.480423,5.75676
50,0.2,mixed,9,1,0,0,elicited,0.05,0.98,2,350,0.875,0,1,0.933333,0.914474,0,1.6,0.914474,83,54,0.923839,0.0638645,0.945946,14.2737,0.473132,6.29744
50,0.2,mixed,7,1,0,0,elicited,0.05,0.98,2,350,0.853147,0,1,0.920755,0.895105,0,1.81,0.895105,303,257,0.962214,0.154666,0.932414,13.2916,0.458775,6.47255
50,0.2,mixed,8,1,0,0,elicited,0.05,0.98,2,350,0.929293,0,1,0.963351,0.949495,0,1.26,0.949495,277,228,0.962771,0.0895021,0.954467,9.81501,0.455871,6.94101
50,0.2,mixed,12,1,0,0,elicited,0.05,0.98,2,350,0.945578,0,1,0.972028,0.959184,0,0.9,0.959184,251,200,0.932568,0.0799701,0.950555,8.45607,0.446345,6.21603
50,0.2,mixed,13,1,0,0,elicited,0.05,0.98,2,350,0.940678,0,1,0.969432,0.974576,0.00171527,1.37168,0.974576,496,418,0.933532,0.14688,0.928359,6.42214,0.485478,6.09719
50,0.2,mixed,11,1,0,0,elicited,0.05,0.98,2,350,0.909091,0,1,0.952381,0.935065,0,2.06,0.935065,246,216,0.932391,0.0946322,0.933292,7.27836,0.45371,6.50718
50,0.2,mixed,16,1,0,0,elicited,0.05,0.98,2,350,0.966667,0,1,0.983051,0.966667,0,0.9,0.966667,186,66,0.488376,0.0387144,0.758871,7.0144,0.477763,4.96619
50,0.2,mixed,15,1,0,0,elicited,0.05,0.98,2,350,0.909091,0,1,0.952381,0.92562,0,1.4,0.92562,209,154,0.93353,0.0402567,0.959963,11.1832,0.470022,5.89111
50,0.2,mixed,14,1,0,0,elicited,0.05,0.98,2,350,0.931973,0,1,0.964789,0.952381,0,0.8,0.952381,216,154,0.941076,0.0712566,0.959009,5.22883,0.48857,6.40664
50,0.2,mixed,17,1,0,0,elicited,0.05,0.98,2,350,0.891304,0.0014245,0.987952,0.937143,0.902174,0.0014245,1.6,0.902174,238,166,0.828598,0.116988,0.879955,9.40179,0.456283,6.03155
50,0.2,mixed,18,1,0,0,elicited,0.05,0.98,2,350,0.905797,0,1,0.95057,0.92029,0.00369914,1,0.92029,83,16,0.897034,0.020785,0.946082,8.20826,0.460239,6.33472
50,0.2,mixed,20,1,0,0,elicited,0.05,0.98,2,350,0.891566,0,1,0.942675,0.909639,0,1.3,0.909639,230,172,0.925621,0.0729998,0.950806,8.01204,0.442916,6.31949
50,0.2,mixed,21,1,0,0,elicited,0.05,0.98,2,350,0.962264,0,1,0.980769,0.981132,0,1.3,0.981132,423,321,0.907557,0.219349,0.889406,10.0867,0.475414,6.74125
50,0.2,mixed,23,1,0,0,elicited,0.05,0.98,2,350,0.971429,0,1,0.985507,0.971429,0,0.8,0.971429,344,276,0.797873,0.116585,0.8634,4.27783,0.471385,5.41474
50,0.2,mixed,19,1,0,0,elicited,0.05,0.98,2,350,0.857923,0,1,0.923529,0.89071,0,1.99991,0.89071,49,37,0.90957,0.0161637,0.955423,6.14572,0.46481,6.45214
50,0.2,mixed,22,1,0,0,elicited,0.05,0.98,2,350,0.924138,0,1,0.960573,0.944828,0,1.3,0.944828,269,212,0.934607,0.122497,0.934078,7.72318,0.477429,6.42302
50,0.2,mixed,24,1,0,0,elicited,0.05,0.98,2,350,0.948454,0,1,0.973545,0.948454,0,1.3,0.948454,462,344,0.855338,0.192312,0.865259,10.7861,0.474076,5.87919
50,0.2,mixed,25,1,0,0,elicited,0.05,0.98,2,350,0.946429,0,1,0.972477,0.952381,0,0.985401,0.952381,78,58,0.932418,0.0783248,0.935303,9.88617,0.451382,5.84414
50,0.2,mixed,27,1,0,0,elicited,0.05,0.98,2,350,0.924051,0.00185185,0.986486,0.954248,0.924051,0.00185185,1.6,0.924051,365,277,0.89653,0.2198,0.883774,9.51707,0.514534,5.51257
50,0.2,mixed,26,1,0,0,elicited,0.05,0.98,2,350,0.890511,0,1,0.942085,0.912409,0,1.3,0.912409,403,342,0.960882,0.182669,0.93059,6.49609,0.454485,6.19855
50,0.3,mixed,1,1,0,0,elicited,0.05,0.98,2,350,0.886957,0,1,0.940092,0.895652,0,0.8,0.895652,430,320,0.834182,0.169238,0.86879,6.48485,0.463399,4.88915
50,0.2,mixed,28,1,0,0,elicited,0.05,0.98,2,350,0.933884,0,1,0.965812,0.933884,0,0.9,0.933884,385,304,0.836219,0.196311,0.852952,9.05844,0.438657,5.73572
50,0.2,mixed,29,1,0,0,elicited,0.05,0.98,2,350,0.924419,0,1,0.960725,0.936047,0,0.7,0.936047,153,127,0.94341,0.0920993,0.940812,7.96542,0.451831,6.26761
50,0.2,mixed,30,1,0,0,elicited,0.05,0.98,2,350,0.971751,0,1,0.985673,0.983051,0,0.8,0.983051,93,69,0.937847,0.0203496,0.966741,11.6719,0.460832,6.25078
50,0.3,mixed,2,1,0,0,elicited,0.05,0.98,2,350,0.96648,0,1,0.982955,0.972067,0,0.7,0.972067,413,311,0.880631,0.163925,0.894735,9.00702,0.482335,6.10646
50,0.3,mixed,5,1,0,0,elicited,0.05,0.98,2,350,0.916667,0,1,0.956522,0.916667,0,1.0492,0.916667,331,247,0.860727,0.273045,0.838375,8.7422,0.461975,5.54121
50,0.3,mixed,3,1,0,0,elicited,0.05,0.98,2,350,0.884058,0,1,0.938462,0.913043,0,1.47,0.913043,222,159,0.916741,0.101333,0.92258,5.68668,0.521326,6.29161
50,0.3,mixed,4,1,0,0,elicited,0.05,0.98,2,350,0.931677,0,1,0.96463,0.956522,0,0.9,0.956522,413,334,0.943557,0.279,0.8745,8.93701,0.473242,6.67694
50,0.3,mixed,6,1,0,0,elicited,0.05,0.98,2,350,0.948113,0,1,0.973366,0.957547,0,0.8,0.957547,226,176,0.950935,0.117811,0.953835,6.95435,0.436316,7.0199
50,0.3,mixed,9,1,0,0,elicited,0.05,0.98,2,350,0.89604,0,1,0.94517,0.920792,0,0.8,0.920792,224,162,0.940222,0.189882,0.902546,13.9962,0.475615,6.05266
50,0.3,mixed,7,1,0,0,elicited,0.05,0.98,2,350,0.87574,0,1,0.933754,0.923077,0,1.49,0.923077,340,284,0.945592,0.250373,0.890573,13.1437,0.436109,7.13751
50,0.3,mixed,8,1,0,0,elicited,0.05,0.98,2,350,0.903766,0,1,0.949451,0.92887,0,0.941939,0.92887,266,208,0.945427,0.0920002,0.947417,9.87116,0.46783,6.84996
50,0.3,mixed,10,1,0,0,elicited,0.05,0.98,2,350,0.933333,0,1,0.965517,0.940741,0.00480769,2,0.940741,266,152,0.91526,0.132706,0.935449,11.0623,0.484473,6.79148
50,0.3,mixed,12,1,0,0,elicited,0.05,0.98,2,350,0.930233,0,1,0.963855,0.944186,0,1.19666,0.944186,266,199,0.946298,0.133273,0.938157,7.83122,0.44443,6.4303
50,0.3,mixed,11,1,0,0,elicited,0.05,0.98,2,350,0.88,0,1,0.93617,0.914286,0,1.89,0.914286,222,159,0.929948,0.0929744,0.94101,7.59509,0.44899,6.53123
50,0.3,mixed,13,1,0,0,elicited,0.05,0.98,2,350,0.911392,0,1,0.953642,0.949367,0,1.4,0.949367,502,426,0.94835,0.334691,0.866919,7.24711,0.492163,6.56973
50,0.3,mixed,14,1,0,0,elicited,0.05,0.98,2,350,0.950617,0,1,0.974684,0.969136,0,0.8,0.969136,398,334,0.958099,0.179422,0.929149,5.43485,0.500485,6.16401
50,0.3,mixed,15,1,0,0,elicited,0.05,0.98,2,350,0.939024,0,1,0.968553,0.957317,0.00192678,0.9,0.957317,169,127,0.911172,0.054894,0.947233,11.5207,0.467816,6.60734
50,0.3,mixed,16,1,0,0,elicited,0.05,0.98,2,350,0.844444,0,1,0.915663,0.866667,0,1.4,0.866667,162,67,0.835685,0.0486145,0.910451,7.09266,0.47719,5.97412
50,0.3,mixed,18,1,0,0,elicited,0.05,0.98,2,350,0.919355,0,1,0.957983,0.94086,0,0.9,0.94086,104,52,0.918409,0.042401,0.95054,7.80397,0.459958,5.36277
50,0.3,mixed,17,1,0,0,elicited,0.05,0.98,2,350,0.89404,0,1,0.944056,0.913907,0,1.5,0.913907,192,129,0.901214,0.111357,0.914435,10.5873,0.463456,6.31893
50,0.3,mixed,23,1,0,0,elicited,0.05,0.98,2,350,0.907143,0,1,0.951311,0.921429,0,0.7,0.921429,313,230,0.831278,0.162887,0.863442,4.26364,0.479538,5.85429
50,0.3,mixed,22,1,0,0,elicited,0.05,0.98,2,350,0.875,0.00232019,0.993243,0.93038,0.89881,0.00232019,0.9,0.89881,268,214,0.92674,0.175231,0.913126,8.52735,0.465262,6.44405
50,0.3,mixed,21,1,0,0,elicited,0.05,0.98,2,350,0.92381,0,1,0.960396,0.971429,0,1.5,0.971429,357,269,0.902447,0.250465,0.865639,7.86408,0.46376,6.69128
50,0.3,mixed,20,1,0,0,elicited,0.05,0.98,2,350,0.882927,0,1,0.937824,0.907317,0.0020202,0.8,0.907317,362,296,0.959925,0.153854,0.941832,7.07693,0.439044,6.86877
50,0.3,mixed,19,1,0,0,elicited,0.05,0.98,2,350,0.896296,0,1,0.945312,0.914815,0,1.6,0.914815,194,141,0.93458,0.0958176,0.943144,5.84523,0.469999,6.81827
50,0.3,mixed,24,1,0,0,elicited,0.05,0.98,2,350,0.976744,0,1,0.988235,0.976744,0,0.9,0.976744,357,300,0.924484,0.226488,0.881267,8.79658,0.46521,5.86862
50,0.3,mixed,25,1,0,0,elicited,0.05,0.98,2,350,0.938389,0,1,0.968215,0.957346,0,0.900026,0.957346,95,56,0.883071,0.0763754,0.919026,8.53238,0.44276,6.53877
50,0.3,mixed,27,1,0,0,elicited,0.05,0.98,2,350,0.857143,0,1,0.923077,0.865079,0,1.5,0.865079,437,393,0.918288,0.32514,0.847778,9.6857,0.514682,5.26287
50,0.3,mixed,26,1,0,0,elicited,0.05,0.98,2,350,0.902778,0,1,0.948905,0.923611,0,0.9,0.923611,348,288,0.910798,0.215101,0.889112,6.25498,0.455925,6.00548
50,0.3,mixed,28,1,0,0,elicited,0.05,0.98,2,350,0.954023,0,1,0.976471,0.954023,0,0.8,0.954023,339,255,0.891346,0.238125,0.870123,8.86898,0.426623,6.1048
50,0.3,mixed,29,1,0,0,elicited,0.05,0.98,2,350,0.896694,0,1,0.945534,0.913223,0,0.9,0.913223,102,79,0.936735,0.0468805,0.955613,7.53482,0.43558,6.85731
50,0.3,mixed,30,1,0,0,elicited,0.05,0.98,2,350,0.95045,0,1,0.974596,0.959459,0,1.1,0.959459,256,204,0.923695,0.180803,0.904929,11.5977,0.449954,6.35597
50,0.5,mixed,2,1,0,0,elicited,0.05,0.98,2,350,0.943662,0,1,0.971014,0.943662,0,0.7,0.943662,263,217,0.918007,0.314352,0.862606,7.55744,0.506297,6.18175
50,0.5,mixed,1,1,0,0,elicited,0.05,0.98,2,350,0.921348,0,1,0.959064,0.955056,0,1.05,0.955056,237,159,0.911483,0.270811,0.87565,5.63891,0.457588,6.98845
50,0.5,mixed,4,1,0,0,elicited,0.05,0.98,2,350,0.894118,0,1,0.944099,0.929412,0,0.8,0.929412,294,254,0.961317,0.412587,0.830272,10.2717,0.463052,6.96372
50,0.5,mixed,3,1,0,0,elicited,0.05,0.98,2,350,0.917051,0,1,0.956731,0.921659,0,1,0.921659,139,91,0.914719,0.0975671,0.926314,5.70921,0.496901,6.87023
50,0.5,mixed,5,1,0,0,elicited,0.05,0.98,2,350,0.893023,0,1,0.943489,0.906977,0,1.3,0.906977,169,111,0.908995,0.203773,0.890919,9.02608,0.438241,6.93772
50,0.5,mixed,9,1,0,0,elicited,0.05,0.98,2,350,0.9,0,1,0.947368,0.93,0,0.824443,0.93,173,108,0.941328,0.19312,0.900742,12.2149,0.456618,6.92874
50,0.5,mixed,6,1,0,0,elicited,0.05,0.98,2,350,0.921053,0,1,0.958904,0.93609,0,1,0.93609,147,108,0.949841,0.177245,0.927276,5.99589,0.426598,7.31762
50,0.5,mixed,8,1,0,0,elicited,0.05,0.98,2,350,0.90583,0,1,0.950588,0.928251,0,0.8,0.928251,197,133,0.900262,0.114777,0.916008,7.30493,0.469754,6.8502
50,0.5,mixed,7,1,0,0,elicited,0.05,0.98,2,350,0.883117,0,1,0.937931,0.909091,0,1.29996,0.909091,227,194,0.961065,0.319825,0.872551,12.8286,0.446485,7.14435
50,0.5,mixed,10,1,0,0,elicited,0.05,0.98,2,350,0.946108,0,1,0.972308,0.958084,0,1.1,0.958084,246,193,0.952093,0.348084,0.858524,13.2971,0.465754,6.7423
50,0.5,mixed,11,1,0,0,elicited,0.05,0.98,2,350,0.915423,0,1,0.955844,0.935323,0,1.68065,0.935323,290,247,0.938404,0.340917,0.8568,9.20113,0.440398,7.05543
50,0.5,mixed,12,1,0,0,elicited,0.05,0.98,2,350,0.924303,0,1,0.960663,0.936255,0,1,0.936255,241,182,0.951485,0.243495,0.910205,9.52745,0.430185,6.93248
50,0.5,mixed,16,1,0,0,elicited,0.05,0.98,2,350,0.942197,0,1,0.970238,0.947977,0,0.7,0.947977,237,180,0.890313,0.327051,0.821987,5.46978,0.455627,6.25321
50,0.5,mixed,13,1,0,0,elicited,0.05,0.98,2,350,0.933333,0,1,0.965517,0.938095,0,0.9,0.938095,352,310,0.949633,0.532569,0.783017,8.45968,0.517878,6.7462
50,0.5,mixed,15,1,0,0,elicited,0.05,0.98,2,350,0.913242,0,1,0.954654,0.931507,0,1.1,0.931507,211,171,0.940424,0.183532,0.921895,13.2629,0.452684,6.89277
50,0.5,mixed,17,1,0,0,elicited,0.05,0.98,2,350,0.939891,0,1,0.969014,0.945355,0,0.8,0.945355,249,182,0.899297,0.183294,0.898994,10.023,0.444633,6.42699
50,0.5,mixed,14,1,0,0,elicited,0.05,0.98,2,350,0.947581,0,1,0.973085,0.959677,0,1,0.959677,226,175,0.96049,0.226277,0.916858,5.43199,0.55487,7.25669
50,0.5,mixed,18,1,0,0,elicited,0.05,0.98,2,350,0.916667,0,1,0.956522,0.930556,0,1,0.930556,151,69,0.919131,0.076043,0.950188,9.25857,0.443631,6.69508
50,0.5,mixed,22,1,0,0,elicited,0.05,0.98,2,350,0.932203,0,1,0.964912,0.943503,0.00990099,0.9,0.943503,295,248,0.923895,0.481967,0.78578,8.44071,0.429633,6.58074
50,0.5,mixed,20,1,0,0,elicited,0.05,0.98,2,350,0.945545,0,1,0.97201,0.955446,0,0.9,0.955446,291,235,0.969474,0.243763,0.902252,6.29514,0.441868,7.12874
50,0.5,mixed,21,1,0,0,elicited,0.05,0.98,2,350,0.944,0,1,0.971193,0.944,0,0.9,0.944,325,259,0.942013,0.550732,0.778878,6.52176,0.474355,7.20346
50,0.5,mixed,23,1,0,0,elicited,0.05,0.98,2,350,0.936893,0,1,0.967419,0.961165,0,0.8,0.961165,245,190,0.91888,0.209067,0.89527,3.02648,0.482699,6.66441
50,0.5,mixed,24,1,0,0,elicited,0.05,0.98,2,350,0.927778,0.00598802,0.994048,0.95977,0.944444,0.00598802,1.3,0.944444,272,231,0.908292,0.378901,0.812163,6.7972,0.461681,6.50675
50,0.5,mixed,19,1,0,0,elicited,0.05,0.98,2,350,0.89313,0,1,0.943548,0.916031,0,1.47526,0.916031,231,175,0.932925,0.331286,0.857261,4.13443,0.445135,6.96046
50,0.5,mixed,25,1,0,0,elicited,0.05,0.98,2,350,0.938967,0,1,0.968523,0.962441,0.00904977,0.9,0.962441,177,140,0.93029,0.223998,0.883435,8.86377,0.431732,6.50072
50,0.1,mixedhard,1,1,0,0,elicited,0.05,0.98,2,350,0.659091,0,1,0.794521,0.659091,0,1.1,0.659091,262,214,0.628416,0.0576304,0.799581,7.10907,0.467759,5.38334
50,0.5,mixed,27,1,0,0,elicited,0.05,0.98,2,350,0.914286,0,1,0.955224,0.914286,0,1.1,0.914286,228,194,0.933287,0.28064,0.87684,11.2612,0.508802,6.58573
50,0.1,mixedhard,2,1,0,0,elicited,0.05,0.98,2,350,0.627907,0,1,0.771429,0.627907,0,1.5,0.627907,187,142,0.844599,0.0568394,0.903214,9.02578,0.456232,4.9918
50,0.5,mixed,26,1,0,0,elicited,0.05,0.98,2,350,0.910526,0,1,0.953168,0.931579,0,1.09425,0.931579,252,209,0.925297,0.327438,0.846052,3.94275,0.471591,6.47299
50,0.5,mixed,28,1,0,0,elicited,0.05,0.98,2,350,0.945455,0,1,0.971963,0.954545,0,1,0.954545,162,113,0.924551,0.17675,0.915382,8.58644,0.416048,6.22937
50,0.5,mixed,29,1,0,0,elicited,0.05,0.98,2,350,0.949367,0,1,0.974026,0.957806,0,0.899766,0.957806,113,86,0.954505,0.128067,0.940217,7.50197,0.441664,7.20261
50,0.5,mixed,30,1,0,0,elicited,0.05,0.98,2,350,0.983264,0,1,0.991561,0.983264,0,0.8,0.983264,171,121,0.927003,0.159494,0.90646,10.3922,0.481825,6.34296
50,0.1,mixedhard,3,1,0,0,elicited,0.05,0.98,2,350,0.563218,0,1,0.720588,0.563218,0,0.8,0.563218,60,44,0.578627,0.0539769,0.764053,6.36657,0.513547,5.32019
50,0.1,mixedhard,4,1,0,0,elicited,0.05,0.98,2,350,0.368852,0,1,0.538922,0.368852,0,1,0.368852,0,0,0.315944,0,0.660638,9.32305,0.479272,4.8219
50,0.1,mixedhard,5,1,0,0,elicited,0.05,0.98,2,350,0.649123,0,1,0.787234,0.666667,0,1.59904,0.666667,178,142,0.590695,0.0401876,0.793158,9.33347,0.478156,5.46469
50,0.1,mixedhard,6,1,0,0,elicited,0.05,0.98,2,350,0.791209,0,1,0.883436,0.802198,0,0.8,0.802198,206,167,0.573205,0.0361979,0.778898,7.27057,0.44304,5.49953
50,0.1,mixedhard,7,1,0,0,elicited,0.05,0.98,2,350,0.525,0,1,0.688525,0.5375,0,2.4,0.5375,168,125,0.820314,0.0688059,0.887008,13.7415,0.4729,5.96841
50,0.1,mixedhard,9,1,0,0,elicited,0.05,0.98,2,350,0.919355,0,1,0.957983,0.919355,0,1.3,0.919355,209,156,0.905039,0.0842199,0.933419,13.1198,0.473307,5.39844
50,0.1,mixedhard,8,1,0,0,elicited,0.05,0.98,2,350,0.346774,0,1,0.51497,0.395161,0,1.2994,0.395161,164,123,0.260273,0.0251445,0.641563,11.5491,0.473703,5.41523
50,0.1,mixedhard,10,1,0,0,elicited,0.05,0.98,2,350,0.197674,0,1,0.330097,0.197674,0,1,0.197674,18,2,0.16624,0.00689664,0.621213,9.75287,0.481226,5.58667
50,0.1,mixedhard,11,1,0,0,elicited,0.05,0.98,2,350,0.572816,0,1,0.728395,0.572816,0,1.40003,0.572816,31,1,0.491192,0.00536541,0.790482,6.64612,0.462975,5.50722
50,0.1,mixedhard,12,1,0,0,elicited,0.05,0.98,2,350,0.783133,0,1,0.878378,0.783133,0,1.5,0.783133,251,209,0.786979,0.0860081,0.872018,8.96042,0.452162,5.30261
50,0.1,mixedhard,13,1,0,0,elicited,0.05,0.98,2,350,0.370968,0,1,0.541176,0.395161,0,0.9,0.395161,0,0,0.780134,0,0.896919,7.09397,0.484859,5.82902
50,0.1,mixedhard,15,1,0,0,elicited,0.05,0.98,2,350,0.525424,0,1,0.688889,0.542373,0,1.39988,0.542373,116,89,0.605499,0.0279662,0.815524,11.377,0.481728,5.09147
50,0.1,mixedhard,14,1,0,0,elicited,0.05,0.98,2,350,0.174312,0,1,0.296875,0.174312,0,1.2,0.174312,0,0,0.112235,0,0.558695,5.78222,0.504233,5.47027
50,0.1,mixedhard,16,1,0,0,elicited,0.05,0.98,2,350,0.585366,0,1,0.738462,0.585366,0,0.9,0.585366,227,157,0.52892,0.0729199,0.735338,7.05348,0.483752,5.22847
50,0.1,mixedhard,17,1,0,0,elicited,0.05,0.98,2,350,0.704918,0,1,0.826923,0.704918,0,0.9,0.704918,56,24,0.562106,0.0385582,0.786425,8.56936,0.462141,5.30582
50,0.1,mixedhard,18,1,0,0,elicited,0.05,0.98,2,350,0.527273,0,1,0.690476,0.545455,0,0.9,0.545455,377,302,0.621923,0.0806225,0.797637,7.57902,0.479293,5.3221
50,0.1,mixedhard,23,1,0,0,elicited,0.05,0.98,2,350,0.888889,0,1,0.941176,0.888889,0,1.5,0.888889,331,270,0.759757,0.101898,0.861114,4.13748,0.478695,4.87049
50,0.1,mixedhard,19,1,0,0,elicited,0.05,0.98,2,350,0.710526,0,1,0.830769,0.736842,0,1.8,0.736842,0,0,0.878098,0,0.942616,6.19752,0.464896,5.94643
50,0.1,mixedhard,22,1,0,0,elicited,0.05,0.98,2,350,0.505051,0,1,0.671141,0.525253,0,1.6,0.525253,71,56,0.745905,0.0253105,0.866835,6.69576,0.488843,5.62787
50,0.1,mixedhard,21,1,0,0,elicited,0.05,0.98,2,350,0.272727,0,1,0.428571,0.272727,0,2.4591,0.272727,36,12,0.669268,0.0144259,0.831706,9.17676,0.484307,6.09874
50,0.1,mixedhard,20,1,0,0,elicited,0.05,0.98,2,350,0.485437,0,1,0.653595,0.533981,0,2.4,0.533981,18,8,0.76381,0,0.888675,7.34711,0.45143,6.05179
50,0.1,mixedhard,24,1,0,0,elicited,0.05,0.98,2,350,0.764706,0,1,0.866667,0.788235,0,1.69,0.788235,157,124,0.82628,0.0476738,0.901156,10.0726,0.475752,5.58714
50,0.1,mixedhard,25,1,0,0,elicited,0.05,0.98,2,350,0.910714,0,1,0.953271,0.946429,0,1.1,0.946429,88,71,0.963178,0.0834619,0.954549,11.1539,0.442889,5.22752
50,0.1,mixedhard,27,1,0,0,elicited,0.05,0.98,2,350,0.555556,0,1,0.714286,0.569444,0,1.67,0.569444,58,14,0.655291,0.0164585,0.832511,9.49521,0.491846,5.27742
50,0.1,mixedhard,26,1,0,0,elicited,0.05,0.98,2,350,0.56044,0,1,0.71831,0.582418,0,2,0.582418,54,45,0.860945,0.0267662,0.923544,6.16775,0.455855,5.91082
50,0.1,mixedhard,28,1,0,0,elicited,0.05,0.98,2,350,0.723077,0,1,0.839286,0.8,0,1.1,0.8,470,384,0.743571,0.21609,0.812068,8.49577,0.447732,5.34337
50,0.2,mixedhard,1,1,0,0,elicited,0.05,0.98,2,350,0.738095,0,1,0.849315,0.746032,0,1.00009,0.746032,317,251,0.820075,0.0880742,0.885253,7.14007,0.463221,5.56118
50,0.1,mixedhard,30,1,0,0,elicited,0.05,0.98,2,350,0.581633,0,1,0.735484,0.602041,0,2.89,0.602041,328,261,0.861694,0.133101,0.889943,11.5465,0.458688,6.01583
50,0.2,mixedhard,2,1,0,0,elicited,0.05,0.98,2,350,0.368056,0,1,0.538071,0.368056,0,1.6,0.368056,503,392,0.639476,0.161045,0.751651,8.37352,0.459409,5.87375
50,0.1,mixedhard,29,1,0,0,elicited,0.05,0.98,2,350,0.616,0,1,0.762376,0.632,0,1.93895,0.632,0,0,0.888097,0,0.944735,8.1118,0.452022,6.47323
50,0.2,mixedhard,3,1,0,0,elicited,0.05,0.98,2,350,0.566434,0,1,0.723214,0.566434,0,0.7,0.566434,146,94,0.481173,0.073859,0.702045,6.41536,0.528331,5.30163
50,0.2,mixedhard,5,1,0,0,elicited,0.05,0.98,2,350,0.629032,0,1,0.772277,0.637097,0,1.1,0.637097,160,115,0.508699,0.0380677,0.748494,9.16381,0.483351,4.77781
50,0.2,mixedhard,4,1,0,0,elicited,0.05,0.98,2,350,0.742574,0,1,0.852273,0.747525,0,1.3,0.747525,118,82,0.814545,0.0931122,0.874596,8.83486,0.475514,5.23715
50,0.2,mixedhard,6,1,0,0,elicited,0.05,0.98,2,350,0.763006,0,1,0.865574,0.774566,0,1.2,0.774566,356,277,0.665028,0.0916854,0.809566,7.41365,0.452904,5.34952
50,0.2,mixedhard,10,1,0,0,elicited,0.05,0.98,2,350,0.387097,0,1,0.55814,0.393548,0,1.2,0.393548,30,2,0.628979,0.00108272,0.815216,10.4187,0.481719,5.67405
50,0.2,mixedhard,9,1,0,0,elicited,0.05,0.98,2,350,0.752941,0,1,0.85906,0.829412,0,1.1,0.829412,236,192,0.748649,0.0916059,0.869084,14.1216,0.48433,5.92536
50,0.2,mixedhard,11,1,0,0,elicited,0.05,0.98,2,350,0.406417,0,1,0.577947,0.406417,0,1.49887,0.406417,50,41,0.386643,0.02876,0.685007,7.1583,0.470579,5.31967
50,0.2,mixedhard,7,1,0,0,elicited,0.05,0.98,2,350,0.715,0,1,0.833819,0.725,0,1.9,0.725,134,96,0.880525,0.0901636,0.912608,13.3994,0.457119,6.00017
50,0.2,mixedhard,12,1,0,0,elicited,0.05,0.98,2,350,0.742138,0,1,0.851986,0.742138,0,1.19902,0.742138,201,137,0.584729,0.068283,0.778994,8.42589,0.449151,5.60197
50,0.2,mixedhard,8,1,0,0,elicited,0.05,0.98,2,350,0.631111,0,1,0.773842,0.68,0,1.76,0.68,141,110,0.797678,0.0302996,0.897046,9.74227,0.469888,6.21852
50,0.2,mixedhard,13,1,0,0,elicited,0.05,0.98,2,350,0.443925,0,1,0.614887,0.453271,0,1.2,0.453271,114,91,0.65406,0.0901124,0.788284,6.37188,0.48891,5.5088
50,0.2,mixedhard,15,1,0,0,elicited,0.05,0.98,2,350,0.743119,0,1,0.852632,0.761468,0,1.3,0.761468,207,168,0.844868,0.054479,0.910265,11.1372,0.47223,4.96976
50,0.2,mixedhard,14,1,0,0,elicited,0.05,0.98,2,350,0.376471,0,1,0.547009,0.394118,0,1.4806,0.394118,195,149,0.337457,0.129262,0.631956,5.24862,0.495477,5.43399
50,0.2,mixedhard,17,1,0,0,elicited,0.05,0.98,2,350,0.609091,0,1,0.757062,0.609091,0.00123001,1.2,0.609091,87,34,0.438373,0.038098,0.720148,9.39765,0.457621,5.44924
50,0.2,mixedhard,16,1,0,0,elicited,0.05,0.98,2,350,0.8875,0,1,0.940397,0.925,0,1,0.925,276,181,0.853563,0.125531,0.892507,7.00309,0.475567,5.88145
50,0.2,mixedhard,18,1,0,0,elicited,0.05,0.98,2,350,0.832335,0,1,0.908497,0.844311,0,1.1,0.844311,312,258,0.841264,0.0864337,0.906504,8.27599,0.467323,5.37801
50,0.2,mixedhard,19,1,0,0,elicited,0.05,0.98,2,350,0.821229,0.00153139,0.993243,0.899083,0.837989,0.00153139,1.5,0.837989,217,178,0.850125,0.0978562,0.904374,6.06067,0.464447,5.97982
50,0.2,mixedhard,20,1,0,0,elicited,0.05,0.98,2,350,0.775281,0,1,0.873418,0.820225,0,1.7,0.820225,278,219,0.823049,0.12125,0.878447,7.91932,0.442152,5.49564
50,0.2,mixedhard,21,1,0,0,elicited,0.05,0.98,2,350,0.293651,0,1,0.453988,0.293651,0.0013369,1.69991,0.293651,74,8,0.586809,0.0139259,0.796634,10.0936,0.476129,5.70379
50,0.2,mixedhard,22,1,0,0,elicited,0.05,0.98,2,350,0.333333,0,1,0.5,0.347518,0,1.3,0.347518,223,163,0.593187,0.0654645,0.776606,7.66212,0.480632,5.70028
50,0.2,mixedhard,23,1,0,0,elicited,0.05,0.98,2,350,0.609524,0,1,0.757396,0.619048,0,1.3,0.619048,396,322,0.771897,0.115385,0.85468,4.26871,0.469601,5.6682
50,0.2,mixedhard,24,1,0,0,elicited,0.05,0.98,2,350,0.540741,0,1,0.701923,0.555556,0,1.69,0.555556,219,161,0.696993,0.0399538,0.835405,10.7854,0.475588,5.80433
50,0.2,mixedhard,25,1,0,0,elicited,0.05,0.98,2,350,0.740541,0,1,0.850932,0.756757,0,1,0.756757,216,170,0.876741,0.14401,0.88529,9.86232,0.45062,5.81584
50,0.2,mixedhard,27,1,0,0,elicited,0.05,0.98,2,350,0.357664,0,1,0.526882,0.364964,0,1.7,0.364964,77,30,0.533134,0.0237136,0.773979,9.55127,0.51682,5.55717
50,0.2,mixedhard,28,1,0,0,elicited,0.05,0.98,2,350,0.718563,0,1,0.836237,0.754491,0,0.9,0.754491,466,377,0.816907,0.292422,0.806323,9.04433,0.438213,5.7222
50,0.2,mixedhard,26,1,0,0,elicited,0.05,0.98,2,350,0.778351,0,1,0.875362,0.783505,0,1.6,0.783505,32,28,0.905066,0.0126616,0.951508,6.44247,0.454097,6.2017
50,0.2,mixedhard,30,1,0,0,elicited,0.05,0.98,2,350,0.789474,0,1,0.882353,0.81203,0,2.07,0.81203,419,350,0.862174,0.25146,0.843526,11.6825,0.462836,5.38154
50,0.3,mixedhard,2,1,0,0,elicited,0.05,0.98,2,350,0.567686,0,1,0.724234,0.611354,0,0.9,0.611354,451,365,0.692381,0.208085,0.777206,9.01088,0.481038,5.90784
50,0.3,mixedhard,1,1,0,0,elicited,0.05,0.98,2,350,0.685393,0,1,0.813333,0.691011,0,1.49996,0.691011,289,226,0.847464,0.133856,0.882266,6.43851,0.464306,5.94984
50,0.3,mixedhard,3,1,0,0,elicited,0.05,0.98,2,350,0.54359,0,1,0.704319,0.54359,0,0.9,0.54359,163,104,0.395503,0.100968,0.64645,5.72585,0.52604,5.43727
50,0.2,mixedhard,29,1,0,0,elicited,0.05,0.98,2,350,0.78,0,1,0.876404,0.79,0.00147275,1.4,0.79,129,102,0.899661,0.0891419,0.923905,7.95195,0.454994,6.45163
50,0.3,mixedhard,5,1,0,0,elicited,0.05,0.98,2,350,0.654255,0,1,0.790997,0.659574,0,1.1,0.659574,207,166,0.566753,0.0776923,0.764143,8.73845,0.466211,5.0009
50,0.3,mixedhard,4,1,0,0,elicited,0.05,0.98,2,350,0.697674,0,1,0.821918,0.709302,0,1.3,0.709302,137,110,0.750559,0.148129,0.816716,8.81401,0.481585,5.61153
50,0.3,mixedhard,6,1,0,0,elicited,0.05,0.98,2,350,0.845833,0,1,0.916479,0.85,0,1.3,0.85,286,238,0.819439,0.0819098,0.893313,6.82263,0.453226,5.87001
50,0.3,mixedhard,11,1,0,0,elicited,0.05,0.98,2,350,0.479452,0.00153139,0.990566,0.646154,0.479452,0.00153139,1.4,0.479452,82,25,0.39266,0.0247241,0.69849,7.41706,0.464766,5.39062
50,0.3,mixedhard,9,1,0,0,elicited,0.05,0.98,2,350,0.73029,0,1,0.844125,0.759336,0,0.8,0.759336,285,235,0.815166,0.217193,0.83527,13.9118,0.486024,5.68971
50,0.3,mixedhard,10,1,0,0,elicited,0.05,0.98,2,350,0.350711,0,1,0.519298,0.350711,0,1,0.350711,46,8,0.529569,0.00946487,0.764189,10.9719,0.489003,6.07149
50,0.3,mixedhard,12,1,0,0,elicited,0.05,0.98,2,350,0.78744,0,1,0.881081,0.797101,0,1.2,0.797101,368,306,0.728382,0.201013,0.795059,7.81152,0.451715,5.50392
50,0.3,mixedhard,8,1,0,0,elicited,0.05,0.98,2,350,0.653992,0,1,0.790805,0.695817,0,2.00119,0.695817,267,212,0.796213,0.109694,0.867053,9.8529,0.474561,5.85226
50,0.3,mixedhard,7,1,0,0,elicited,0.05,0.98,2,350,0.731343,0,1,0.844828,0.761194,0,1.7,0.761194,100,74,0.904591,0.0647855,0.935329,13.292,0.432379,6.86459
50,0.3,mixedhard,14,1,0,0,elicited,0.05,0.98,2,350,0.368852,0,1,0.538922,0.381148,0,1.3,0.381148,157,132,0.398625,0.153676,0.634334,5.45386,0.505418,5.43978
50,0.3,mixedhard,13,1,0,0,elicited,0.05,0.98,2,350,0.368966,0,1,0.539043,0.389655,0,1.72,0.389655,75,66,0.628575,0.0742914,0.790134,7.17545,0.496975,6.00043
50,0.3,mixedhard,17,1,0,0,elicited,0.05,0.98,2,350,0.577143,0,1,0.731884,0.577143,0,1.1,0.577143,225,165,0.552119,0.115803,0.732928,10.5099,0.46815,5.07305
50,0.3,mixedhard,15,1,0,0,elicited,0.05,0.98,2,350,0.859459,0.00221239,0.99375,0.921739,0.875676,0.00221239,1.2,0.875676,237,199,0.907698,0.129703,0.916971,11.3574,0.47229,5.74763
50,0.3,mixedhard,16,1,0,0,elicited,0.05,0.98,2,350,0.677632,0,1,0.807843,0.730263,0,1.1,0.730263,271,189,0.766158,0.120481,0.850168,7.09487,0.479492,5.79634
50,0.3,mixedhard,18,1,0,0,elicited,0.05,0.98,2,350,0.815166,0,1,0.898172,0.824645,0,1.1,0.824645,341,292,0.86006,0.200706,0.867894,7.88811,0.465991,5.21774
50,0.3,mixedhard,19,1,0,0,elicited,0.05,0.98,2,350,0.775281,0,1,0.873418,0.794007,0,1.4,0.794007,152,123,0.85759,0.0922041,0.904921,5.76756,0.473823,5.83833
50,0.3,mixedhard,21,1,0,0,elicited,0.05,0.98,2,350,0.291667,0,1,0.451613,0.291667,0,1.30003,0.291667,100,24,0.531086,0.0154694,0.762213,7.98549,0.469497,5.95696
50,0.3,mixedhard,20,1,0,0,elicited,0.05,0.98,2,350,0.532319,0,1,0.694789,0.562738,0,2.02967,0.562738,243,194,0.70723,0.153554,0.805891,6.90812,0.439904,5.58075
50,0.3,mixedhard,23,1,0,0,elicited,0.05,0.98,2,350,0.77551,0,1,0.873563,0.782313,0,1.1,0.782313,354,279,0.742459,0.128058,0.831882,4.2506,0.481228,5.47452
50,0.3,mixedhard,22,1,0,0,elicited,0.05,0.98,2,350,0.393782,0.00197628,0.987013,0.562963,0.409326,0.00197628,1.60105,0.409326,199,144,0.589725,0.0726176,0.769672,8.49978,0.466082,6.08592
50,0.3,mixedhard,25,1,0,0,elicited,0.05,0.98,2,350,0.776744,0,1,0.874346,0.786047,0,0.9,0.786047,186,146,0.892986,0.13351,0.903389,8.50674,0.442596,5.97907
50,0.3,mixedhard,24,1,0,0,elicited,0.05,0.98,2,350,0.621495,0,1,0.766571,0.635514,0,1.8,0.635514,192,159,0.860034,0.0718177,0.902957,8.9293,0.465102,6.81528
50,0.3,mixedhard,26,1,0,0,elicited,0.05,0.98,2,350,0.769912,0,1,0.87,0.774336,0,1.3,0.774336,52,33,0.849728,0.0272078,0.922265,6.22539,0.455925,6.25667
50,0.3,mixedhard,28,1,0,0,elicited,0.05,0.98,2,350,0.756098,0,1,0.861111,0.82439,0,1.1,0.82439,427,346,0.842138,0.332507,0.801541,8.80663,0.427616,5.30247
50,0.3,mixedhard,27,1,0,0,elicited,0.05,0.98,2,350,0.534562,0,1,0.696697,0.548387,0.00172117,1.5,0.548387,62,16,0.706919,0.0173655,0.854733,9.64337,0.516226,5.92341
50,0.5,mixedhard,1,1,0,0,elicited,0.05,0.98,2,350,0.649606,0,1,0.787589,0.649606,0,1.2,0.649606,188,144,0.71062,0.186751,0.785344,5.68941,0.471289,6.10229
50,0.3,mixedhard,30,1,0,0,elicited,0.05,0.98,2,350,0.67619,0,1,0.806818,0.72381,0,2,0.72381,298,241,0.863006,0.250829,0.843044,11.5708,0.446657,6.71228
50,0.3,mixedhard,29,1,0,0,elicited,0.05,0.98,2,350,0.764706,0,1,0.866667,0.772549,0,1.4,0.772549,182,139,0.870764,0.116127,0.896867,7.50842,0.443334,6.92284
50,0.5,mixedhard,2,1,0,0,elicited,0.05,0.98,2,350,0.643599,0,1,0.783158,0.698962,0,0.8,0.698962,240,182,0.758518,0.225939,0.809754,7.64431,0.505555,6.51974
50,0.5,mixedhard,3,1,0,0,elicited,0.05,0.98,2,350,0.762115,0,1,0.865,0.792952,0,0.8,0.792952,239,169,0.781615,0.300884,0.774546,5.73969,0.518133,6.11541
50,0.5,mixedhard,4,1,0,0,elicited,0.05,0.98,2,350,0.648746,0,1,0.786957,0.666667,0,1.4,0.666667,132,101,0.713013,0.125706,0.821474,10.1257,0.477091,6.03184
50,0.5,mixedhard,5,1,0,0,elicited,0.05,0.98,2,350,0.697761,0,1,0.821978,0.708955,0,1.4,0.708955,137,116,0.618291,0.158259,0.749652,9.13864,0.451266,5.76897
50,0.5,mixedhard,6,1,0,0,elicited,0.05,0.98,2,350,0.815068,0,1,0.898113,0.832192,0,1.2,0.832192,175,135,0.749198,0.173754,0.819451,5.65181,0.444876,5.94119
50,0.5,mixedhard,11,1,0,0,elicited,0.05,0.98,2,350,0.597458,0,1,0.748011,0.635593,0,1.5,0.635593,189,143,0.487977,0.165003,0.69039,8.98135,0.457123,5.44738
50,0.5,mixedhard,12,1,0,0,elicited,0.05,0.98,2,350,0.727273,0,1,0.842105,0.789091,0,1.2,0.789091,249,206,0.785741,0.267278,0.799914,9.44477,0.434355,5.73897
50,0.5,mixedhard,9,1,0,0,elicited,0.05,0.98,2,350,0.770677,0,1,0.870488,0.804511,0,1.1,0.804511,149,102,0.888539,0.137925,0.911109,11.9695,0.465234,6.56471
50,0.5,mixedhard,10,1,0,0,elicited,0.05,0.98,2,350,0.468,0,1,0.637602,0.484,0,1.67,0.484,110,71,0.765781,0.150689,0.825062,13.1439,0.469117,6.87699
50,0.5,mixedhard,7,1,0,0,elicited,0.05,0.98,2,350,0.698675,0,1,0.822612,0.728477,0,1.80007,0.728477,99,72,0.884852,0.111757,0.90694,13.1915,0.446888,7.03705
50,0.5,mixedhard,8,1,0,0,elicited,0.05,0.98,2,350,0.713755,0,1,0.832972,0.765799,0,1.8,0.765799,218,151,0.799452,0.172192,0.852925,7.29179,0.48099,6.59461
50,0.5,mixedhard,14,1,0,0,elicited,0.05,0.98,2,350,0.661491,0,1,0.796262,0.680124,0,1.5,0.680124,169,149,0.768033,0.21558,0.798514,5.42849,0.562708,5.58455
50,0.5,mixedhard,13,1,0,0,elicited,0.05,0.98,2,350,0.558659,0,1,0.716846,0.578212,0,1.66647,0.578212,88,68,0.750103,0.164904,0.812105,8.53085,0.511644,6.62978
50,0.5,mixedhard,16,1,0,0,elicited,0.05,0.98,2,350,0.671642,0,1,0.803571,0.716418,0,0.703956,0.716418,224,166,0.801224,0.210248,0.819268,5.48774,0.455411,5.94457
50,0.5,mixedhard,17,1,0,0,elicited,0.05,0.98,2,350,0.612,0,1,0.759305,0.616,0,1.4,0.616,216,154,0.760256,0.280528,0.771688,10.0072,0.442043,5.46709
50,0.5,mixedhard,15,1,0,0,elicited,0.05,0.98,2,350,0.692857,0,1,0.818565,0.707143,0,1.2,0.707143,135,116,0.859138,0.1872,0.862127,13.22,0.464136,6.74166
50,0.5,mixedhard,18,1,0,0,elicited,0.05,0.98,2,350,0.76087,0,1,0.864198,0.811594,0.00390625,1.2,0.811594,158,116,0.83171,0.111678,0.897449,9.11616,0.453575,6.10661
50,0.5,mixedhard,19,1,0,0,elicited,0.05,0.98,2,350,0.685801,0,1,0.81362,0.700906,0,1.3999,0.700906,78,53,0.787036,0.0751353,0.878518,4.43575,0.455387,6.39027
50,0.5,mixedhard,21,1,0,0,elicited,0.05,0.98,2,350,0.438095,0.0042735,0.989247,0.607261,0.480952,0.0042735,0.9,0.480952,142,88,0.641399,0.11082,0.780048,6.68288,0.480468,6.05779
50,0.5,mixedhard,20,1,0,0,elicited,0.05,0.98,2,350,0.662651,0,1,0.797101,0.701807,0,1.99,0.701807,155,113,0.771702,0.102185,0.8641,6.25892,0.441725,6.66288
50,0.5,mixedhard,23,1,0,0,elicited,0.05,0.98,2,350,0.718894,0,1,0.836461,0.741935,0,1.2969,0.741935,273,223,0.683587,0.258892,0.744163,3.02362,0.490222,5.83053
50,0.5,mixedhard,22,1,0,0,elicited,0.05,0.98,2,350,0.485106,0.00990099,0.982759,0.649573,0.531915,0.00990099,1.74297,0.531915,169,122,0.705356,0.152427,0.80196,8.43157,0.426063,6.51141
50,0.5,mixedhard,25,1,0,0,elicited,0.05,0.98,2,350,0.768627,0,1,0.86918,0.784314,0,1.1,0.784314,186,157,0.883402,0.293008,0.838337,8.90569,0.430528,5.93055
50,0.5,mixedhard,24,1,0,0,elicited,0.05,0.98,2,350,0.704225,0,1,0.826446,0.71831,0,1.50003,0.71831,70,31,0.846029,0.0157781,0.924155,6.83497,0.463501,6.20911
50,0.5,mixedhard,28,1,0,0,elicited,0.05,0.98,2,350,0.777328,0,1,0.874715,0.821862,0,1.1,0.821862,279,242,0.799554,0.396745,0.739355,8.08197,0.439837,5.73649
50,0.5,mixedhard,27,1,0,0,elicited,0.05,0.98,2,350,0.683594,0,1,0.812065,0.707031,0,1.1,0.707031,127,94,0.782743,0.0864921,0.871756,11.2521,0.501032,6.40403
50,0.5,mixedhard,26,1,0,0,elicited,0.05,0.98,2,350,0.761566,0,1,0.864646,0.775801,0,1.3,0.775801,54,30,0.875892,0.0476301,0.931214,3.8998,0.475762,6.65154
50,0.3,mixedhard,3,1,0,0,learned,0.05,0.98,2,350,0.553846,0,1,0.712871,0.553846,0,0.6,0.553846,163,126,0.40317,0.105914,0.64614,5.72585,0.52604,5.14608
50,0.3,mixedhard,1,1,0,0,learned,0.05,0.98,2,350,0.696629,0,1,0.821192,0.702247,0,0.8,0.702247,289,251,0.854926,0.139419,0.879907,6.43851,0.464306,5.87919
50,0.5,mixedhard,30,1,0,0,elicited,0.05,0.98,2,350,0.8583,0,1,0.923747,0.874494,0,1.13268,0.874494,337,289,0.917732,0.540117,0.782588,10.3903,0.47758,6.97327
50,0.3,mixedhard,2,1,0,0,learned,0.05,0.98,2,350,0.637555,0,1,0.778667,0.69869,0,0.5,0.69869,451,393,0.712987,0.218608,0.77529,9.01088,0.481038,5.73475
50,0.5,mixedhard,29,1,0,0,elicited,0.05,0.98,2,350,0.651079,0,1,0.788671,0.679856,0,1.14125,0.679856,160,135,0.856821,0.118581,0.898304,7.41377,0.434153,6.77251
50,0.3,mixedhard,5,1,0,0,learned,0.05,0.98,2,350,0.680851,0,1,0.810127,0.68617,0,0.6,0.68617,207,180,0.579073,0.0801817,0.763865,8.73845,0.466211,5.39276
50,0.3,mixedhard,4,1,0,0,learned,0.05,0.98,2,350,0.70155,0,1,0.824601,0.709302,0,0.9,0.709302,137,120,0.759541,0.152603,0.815611,8.81401,0.481585,5.40818
50,0.3,mixedhard,6,1,0,0,learned,0.05,0.98,2,350,0.870833,0,1,0.930958,0.879167,0,0.5,0.879167,286,266,0.831952,0.0962889,0.890026,6.82263,0.453226,5.88019
50,0.3,mixedhard,12,1,0,0,learned,0.05,0.98,2,350,0.801932,0,1,0.89008,0.811594,0,0.5,0.811594,368,327,0.741734,0.209495,0.792875,7.81152,0.451715,4.92038
50,0.3,mixedhard,9,1,0,0,learned,0.05,0.98,2,350,0.775934,0,1,0.873832,0.809129,0,0.5,0.809129,285,251,0.826389,0.231607,0.832926,13.9118,0.486024,5.69879
50,0.3,mixedhard,10,1,0,0,learned,0.05,0.98,2,350,0.350711,0,1,0.519298,0.350711,0,0.7,0.350711,46,9,0.530343,0.0103345,0.764416,10.9719,0.489003,5.62929
50,0.3,mixedhard,11,1,0,0,learned,0.05,0.98,2,350,0.484018,0.00153139,0.990654,0.650307,0.484018,0.00153139,0.6,0.484018,82,38,0.410535,0.0243147,0.698956,7.41706,0.464766,5.44133
50,0.3,mixedhard,7,1,0,0,learned,0.05,0.98,2,350,0.757463,0,1,0.861996,0.787313,0,1,0.787313,100,81,0.908065,0.0671996,0.934093,13.292,0.432379,6.50713
50,0.3,mixedhard,14,1,0,0,learned,0.05,0.98,2,350,0.393443,0,1,0.564706,0.405738,0,0.6,0.405738,157,140,0.406827,0.157352,0.635013,5.45386,0.505418,5.00144
50,0.3,mixedhard,8,1,0,0,learned,0.05,0.98,2,350,0.653992,0,1,0.790805,0.695817,0,1.74033,0.695817,267,227,0.799605,0.12073,0.863079,9.8529,0.474561,6.68604
50,0.3,mixedhard,13,1,0,0,learned,0.05,0.98,2,350,0.37931,0,1,0.55,0.4,0,1.67,0.4,75,70,0.630537,0.0746185,0.789792,7.17545,0.496975,5.49222
50,0.3,mixedhard,17,1,0,0,learned,0.05,0.98,2,350,0.588571,0,1,0.741007,0.588571,0,0.7,0.588571,225,176,0.558228,0.120135,0.732078,10.5099,0.46815,5.34435
50,0.3,mixedhard,15,1,0,0,learned,0.05,0.98,2,350,0.881081,0.00221239,0.993902,0.934097,0.897297,0.00221239,0.6,0.897297,237,221,0.914458,0.134262,0.91351,11.3574,0.47229,5.87778
50,0.3,mixedhard,16,1,0,0,learned,0.05,0.98,2,350,0.723684,0,1,0.839695,0.769737,0,0.5,0.769737,271,215,0.773546,0.121671,0.849614,7.09487,0.479492,6.04353
50,0.3,mixedhard,18,1,0,0,learned,0.05,0.98,2,350,0.853081,0,1,0.920716,0.862559,0,0.5,0.862559,341,320,0.86944,0.21302,0.864611,7.88811,0.465991,5.80159
50,0.3,mixedhard,19,1,0,0,learned,0.05,0.98,2,350,0.790262,0,1,0.882845,0.808989,0,0.7,0.808989,152,131,0.865501,0.0982291,0.902984,5.76756,0.473823,6.10332
50,0.3,mixedhard,21,1,0,0,learned,0.05,0.98,2,350,0.297619,0,1,0.458716,0.297619,0,0.799974,0.297619,100,28,0.530823,0.0148362,0.762177,7.98549,0.469497,6.02514
50,0.3,mixedhard,20,1,0,0,learned,0.05,0.98,2,350,0.539924,0,1,0.701235,0.570342,0,1.06269,0.570342,243,212,0.712416,0.160876,0.802357,6.90812,0.439904,5.97097
50,0.3,mixedhard,23,1,0,0,learned,0.05,0.98,2,350,0.802721,0,1,0.890566,0.809524,0,0.1,0.809524,354,302,0.750566,0.131528,0.828401,4.2506,0.481228,5.26689
50,0.3,mixedhard,22,1,0,0,learned,0.05,0.98,2,350,0.409326,0.00197628,0.9875,0.578755,0.42487,0.00197628,0.8,0.42487,199,163,0.595901,0.0765122,0.76749,8.49978,0.466082,5.61382
50,0.3,mixedhard,25,1,0,0,learned,0.05,0.98,2,350,0.818605,0,1,0.900256,0.827907,0,0.5,0.827907,186,161,0.897917,0.143072,0.901291,8.50674,0.442596,5.98553
50,0.3,mixedhard,24,1,0,0,learned,0.05,0.98,2,350,0.668224,0,1,0.80112,0.682243,0,0.59976,0.682243,192,175,0.862571,0.0724914,0.90279,8.9293,0.465102,6.60441
50,0.3,mixedhard,28,1,0,0,learned,0.05,0.98,2,350,0.795122,0,1,0.88587,0.863415,0,0.6,0.863415,427,379,0.850216,0.338863,0.797002,8.80663,0.427616,5.22491
50,0.3,mixedhard,26,1,0,0,learned,0.05,0.98,2,350,0.787611,0,1,0.881188,0.792035,0,0.89987,0.792035,52,36,0.854476,0.0292616,0.920748,6.22539,0.455925,5.82686
50,0.3,mixedhard,27,1,0,0,learned,0.05,0.98,2,350,0.543779,0,1,0.704478,0.557604,0.00172117,0.9,0.557604,62,19,0.710268,0.0185244,0.854213,9.64337,0.516226,5.67527
50,0.3,mixedhard,30,1,0,0,learned,0.05,0.98,2,350,0.7,0,1,0.823529,0.747619,0,1.50008,0.747619,298,261,0.86243,0.260864,0.836475,11.5708,0.446657,5.50246
50,0.3,mixedhard,29,1,0,0,learned,0.05,0.98,2,350,0.772549,0,1,0.871681,0.780392,0,0.8,0.780392,182,154,0.873267,0.124121,0.894891,7.50842,0.443334,5.33478
