n,frac,attack,run,detector,null_ev,naive_th,prior,decay,gps_sigma,bsm_bytes,pair_tpr,pair_fpr,pair_precision,pair_f1,median_ttd,ttd_detected_frac,contested,contested_flagged,msg_tpr,msg_fpr,auc,latency_ms,pdr,det_us
50,0,none,6,1,0,1,0.05,0.98,2,350,nan,0.907496,0,nan,nan,nan,0,0,nan,0.915422,nan,7.14061,0.44738,6.38155
50,0,none,5,1,0,1,0.05,0.98,2,350,nan,0.92387,0,nan,nan,nan,0,0,nan,0.92599,nan,8.85874,0.478449,6.22798
50,0,none,3,1,0,1,0.05,0.98,2,350,nan,0.906325,0,nan,nan,nan,0,0,nan,0.92932,nan,6.33097,0.508241,6.66183
50,0,none,1,1,0,1,0.05,0.98,2,350,nan,0.905288,0,nan,nan,nan,0,0,nan,0.924607,nan,7.69595,0.470762,6.47972
50,0,none,7,1,0,1,0.05,0.98,2,350,nan,0.914411,0,nan,nan,nan,0,0,nan,0.92582,nan,12.38,0.482541,6.55139
50,0,none,2,1,0,1,0.05,0.98,2,350,nan,0.907569,0,nan,nan,nan,0,0,nan,0.927354,nan,8.73588,0.462865,6.99286
50,0,none,4,1,0,1,0.05,0.98,2,350,nan,0.912137,0,nan,nan,nan,0,0,nan,0.929693,nan,9.16175,0.475116,6.89677
50,0,none,10,1,0,1,0.05,0.98,2,350,nan,0.914983,0,nan,nan,nan,0,0,nan,0.928112,nan,9.14378,0.487873,6.63504
50,0,none,12,1,0,1,0.05,0.98,2,350,nan,0.907261,0,nan,nan,nan,0,0,nan,0.918982,nan,8.46517,0.456772,6.77691
50,0,none,8,1,0,1,0.05,0.98,2,350,nan,0.924672,0,nan,nan,nan,0,0,nan,0.924727,nan,11.2363,0.466382,7.10887
50,0,none,9,1,0,1,0.05,0.98,2,350,nan,0.905115,0,nan,nan,nan,0,0,nan,0.925024,nan,13.1872,0.477598,7.08864
50,0,none,14,1,0,1,0.05,0.98,2,350,nan,0.913242,0,nan,nan,nan,0,0,nan,0.929293,nan,5.88521,0.490553,6.5174
50,0,none,11,1,0,1,0.05,0.98,2,350,nan,0.930366,0,nan,nan,nan,0,0,nan,0.92,nan,7.74678,0.464837,7.26611
50,0,none,13,1,0,1,0.05,0.98,2,350,nan,0.919573,0,nan,nan,nan,0,0,nan,0.92464,nan,6.70239,0.48397,6.88465
50,0,none,16,1,0,1,0.05,0.98,2,350,nan,0.927692,0,nan,nan,nan,0,0,nan,0.923916,nan,7.15087,0.474088,4.63298
50,0,none,15,1,0,1,0.05,0.98,2,350,nan,0.916102,0,nan,nan,nan,0,0,nan,0.92462,nan,11.9115,0.4787,5.36324
50,0,none,19,1,0,1,0.05,0.98,2,350,nan,0.912481,0,nan,nan,nan,0,0,nan,0.921084,nan,6.70551,0.466669,5.06395
50,0,none,17,1,0,1,0.05,0.98,2,350,nan,0.915254,0,nan,nan,nan,0,0,nan,0.922019,nan,8.69637,0.471406,5.47626
50,0,none,18,1,0,1,0.05,0.98,2,350,nan,0.903226,0,nan,nan,nan,0,0,nan,0.921653,nan,7.19533,0.468093,5.36314
50,0,none,21,1,0,1,0.05,0.98,2,350,nan,0.903331,0,nan,nan,nan,0,0,nan,0.929995,nan,8.56118,0.498691,5.283
50,0,none,20,1,0,1,0.05,0.98,2,350,nan,0.915503,0,nan,nan,nan,0,0,nan,0.925206,nan,7.86266,0.468028,5.46956
50,0,none,22,1,0,1,0.05,0.98,2,350,nan,0.885714,0,nan,nan,nan,0,0,nan,0.922932,nan,6.973,0.479363,5.40562
50,0,none,24,1,0,1,0.05,0.98,2,350,nan,0.920155,0,nan,nan,nan,0,0,nan,0.927259,nan,10.2592,0.482444,5.15558
50,0,none,23,1,0,1,0.05,0.98,2,350,nan,0.924061,0,nan,nan,nan,0,0,nan,0.92449,nan,4.01377,0.474753,5.47913
50,0,none,25,1,0,1,0.05,0.98,2,350,nan,0.91344,0,nan,nan,nan,0,0,nan,0.919736,nan,9.8904,0.456275,5.26008
50,0,none,26,1,0,1,0.05,0.98,2,350,nan,0.916344,0,nan,nan,nan,0,0,nan,0.923408,nan,6.59205,0.455478,5.56498
50,0,none,27,1,0,1,0.05,0.98,2,350,nan,0.918856,0,nan,nan,nan,0,0,nan,0.931901,nan,8.6762,0.486564,5.65105
50,0,none,28,1,0,1,0.05,0.98,2,350,nan,0.916609,0,nan,nan,nan,0,0,nan,0.922729,nan,9.21777,0.459705,5.7796
50,0,none,29,1,0,1,0.05,0.98,2,350,nan,0.92066,0,nan,nan,nan,0,0,nan,0.927855,nan,8.00066,0.475861,5.67768
50,0,none,30,1,0,1,0.05,0.98,2,350,nan,0.910523,0,nan,nan,nan,0,0,nan,0.926779,nan,10.8832,0.46548,5.35839
50,0.3,mixedhard,1,1,0,1,0.05,0.98,2,350,0.920635,0.919918,0.279743,0.4291,0.9375,0.920635,238,225,0.980735,0.92743,0.53939,6.46108,0.463352,5.67584
50,0.3,mixedhard,2,1,0,1,0.05,0.98,2,350,0.915929,0.9274,0.343284,0.499397,0.700092,0.915929,279,259,0.983007,0.942652,0.530533,9.01018,0.481257,6.49645
50,0.3,mixedhard,3,1,0,1,0.05,0.98,2,350,0.92228,0.913958,0.271341,0.419317,0.800039,0.92228,213,195,0.985501,0.936371,0.536326,5.71243,0.519803,6.68287
50,0.3,mixedhard,4,1,0,1,0.05,0.98,2,350,0.918269,0.904762,0.313629,0.467564,0.8,0.918269,239,233,0.982791,0.93335,0.536222,8.85374,0.479733,6.22757
50,0.3,mixedhard,5,1,0,1,0.05,0.98,2,350,0.960784,0.906643,0.279601,0.433149,0.999922,0.960784,130,124,0.983953,0.923652,0.542627,8.72788,0.462004,6.50153
50,0.3,mixedhard,7,1,0,1,0.05,0.98,2,350,0.951087,0.91954,0.267176,0.417163,1.1,0.951087,245,237,0.984968,0.926864,0.542177,13.1774,0.447352,5.97102
50,0.3,mixedhard,6,1,0,1,0.05,0.98,2,350,0.931193,0.89876,0.318182,0.474299,0.800864,0.931193,208,197,0.979142,0.921916,0.543557,6.77148,0.452925,6.24612
50,0.3,mixedhard,8,1,0,1,0.05,0.98,2,350,0.940678,0.922201,0.313559,0.470339,0.8,0.940678,235,228,0.982029,0.937015,0.533032,9.80226,0.477144,6.50464
50,0.3,mixedhard,10,1,0,1,0.05,0.98,2,350,0.93299,0.891892,0.281493,0.432497,0.8,0.93299,108,96,0.980143,0.928247,0.536448,11.0152,0.489428,6.25717
50,0.3,mixedhard,9,1,0,1,0.05,0.98,2,350,0.929461,0.897338,0.321839,0.478122,0.875,0.929461,217,209,0.979801,0.935031,0.532574,13.9995,0.484091,6.38354
50,0.3,mixedhard,12,1,0,1,0.05,0.98,2,350,0.937198,0.895636,0.291291,0.444444,1,0.937198,225,213,0.976075,0.926974,0.536692,7.79801,0.451522,6.33556
50,0.3,mixedhard,11,1,0,1,0.05,0.98,2,350,0.947368,0.956376,0.257812,0.405322,1,0.947368,173,161,0.985629,0.923578,0.545493,7.51474,0.458016,6.66411
50,0.3,mixedhard,14,1,0,1,0.05,0.98,2,350,0.969072,0.931947,0.276065,0.429714,0.800039,0.969072,203,190,0.983616,0.935062,0.534102,5.51771,0.500503,6.14597
50,0.3,mixedhard,13,1,0,1,0.05,0.98,2,350,0.957265,0.89726,0.299465,0.456212,0.9375,0.957265,178,159,0.984161,0.932577,0.540002,7.19275,0.494302,6.99515
50,0.3,mixedhard,15,1,0,1,0.05,0.98,2,350,0.932961,0.919608,0.262579,0.409816,1,0.932961,149,141,0.986572,0.926647,0.54536,11.3802,0.471006,6.6386
50,0.3,mixedhard,16,1,0,1,0.05,0.98,2,350,0.931707,0.928571,0.284226,0.435576,0.9,0.931707,176,171,0.981652,0.931005,0.538066,7.02218,0.478971,6.36384
50,0.3,mixedhard,17,1,0,1,0.05,0.98,2,350,0.951613,0.906716,0.266968,0.416961,1.1,0.951613,231,217,0.977228,0.930383,0.535389,10.5191,0.46513,6.29864
50,0.3,mixedhard,18,1,0,1,0.05,0.98,2,350,0.953846,0.915285,0.272328,0.42369,1,0.953846,236,217,0.982855,0.925256,0.544996,8.03284,0.458117,6.16514
50,0.3,mixedhard,19,1,0,1,0.05,0.98,2,350,0.926267,0.911894,0.326829,0.483173,1,0.926267,248,235,0.977184,0.933442,0.533573,5.76208,0.47472,6.34888
50,0.3,mixedhard,20,1,0,1,0.05,0.98,2,350,0.917526,0.909677,0.296173,0.447799,1.14,0.917526,400,375,0.97499,0.937488,0.52806,7.03988,0.45086,6.24874
50,0.3,mixedhard,21,1,0,1,0.05,0.98,2,350,0.885167,0.91446,0.291798,0.438909,1,0.885167,200,193,0.978518,0.933737,0.534832,7.89651,0.468179,6.21008
50,0.3,mixedhard,22,1,0,1,0.05,0.98,2,350,0.94152,0.889813,0.273345,0.423684,0.751327,0.94152,189,176,0.981041,0.923573,0.540734,8.50878,0.465241,5.62433
50,0.3,mixedhard,25,1,0,1,0.05,0.98,2,350,0.959184,0.888,0.297468,0.454106,0.673488,0.959184,197,183,0.986436,0.922591,0.549014,8.53851,0.438219,6.35399
50,0.3,mixedhard,23,1,0,1,0.05,0.98,2,350,0.952381,0.896686,0.28125,0.434258,0.8,0.952381,141,136,0.985669,0.928994,0.54182,4.27596,0.480546,6.33835
50,0.3,mixedhard,24,1,0,1,0.05,0.98,2,350,0.928571,0.913828,0.2704,0.418835,0.9,0.928571,196,193,0.988,0.936666,0.538189,8.83745,0.46478,6.36999
50,0.3,mixedhard,26,1,0,1,0.05,0.98,2,350,0.93,0.887564,0.263083,0.410143,0.9375,0.93,116,112,0.98398,0.919792,0.545935,6.2837,0.451373,6.22119
50,0.3,mixedhard,27,1,0,1,0.05,0.98,2,350,0.938679,0.899048,0.296572,0.450736,0.9375,0.938679,153,139,0.985745,0.940274,0.53445,9.75433,0.510706,6.10935
50,0.3,mixedhard,28,1,0,1,0.05,0.98,2,350,0.932773,0.90625,0.323615,0.480519,0.85,0.932773,250,233,0.9843,0.9248,0.544973,8.81368,0.432295,5.69367
50,0.3,mixedhard,29,1,0,1,0.05,0.98,2,350,0.92973,0.922246,0.287145,0.438776,0.9375,0.92973,231,212,0.986307,0.931859,0.542461,7.5261,0.440103,5.81396
50,0.3,mixedhard,30,1,0,1,0.05,0.98,2,350,0.952586,0.900697,0.299458,0.45567,1,0.952586,191,179,0.984636,0.93337,0.540582,11.5705,0.448073,4.21575
