record_id,attack_type,attack_category,affected_field,environment,density,driver_profile,attack_intensity,host_vehicles,remote_vehicles,target_component,atd_source,vulnerability,interface,cvss,exploitability,impact_safety,impact_operational,impact_privacy,impact_financial,impact_composite,detection_difficulty,likelihood,exposure,inherent_risk,inherent_level,mitigation_control,mitigation_effectiveness_pct,residual_risk,residual_level,safety_proxy,obs_apl_bytes,obs_rate_mbps,obs_pdr_pct,obs_e2e_ms,obs_sri,obs_measured
A01-C1,Time-Delay Attack,Availability / timing,Timestamp / freshness,Urban,Low,Cautious,Low,40,20,V2V message handler / OBU,ATD-153,ATD-153,WLAN,7.40,2.22,3,4,1,2,3,4,3,5,36.0,Moderate,"Secure time synchronisation, freshness window, timestamp plausibility checks",72,10.1,Low,0.342,,,,,,0
A01-C2,Time-Delay Attack,Availability / timing,Timestamp / freshness,Urban,High,Normal,Moderate,70,50,V2V message handler / OBU,ATD-153,ATD-153,WLAN,7.40,2.22,3,4,1,2,3,4,4,5,48.0,High,"Secure time synchronisation, freshness window, timestamp plausibility checks",68,15.4,Low,0.496,,,,,,0
A01-C3,Time-Delay Attack,Availability / timing,Timestamp / freshness,Highway,Low,Normal,High,100,20,V2V message handler / OBU,ATD-153,ATD-153,WLAN,7.40,2.22,4,4,1,2,3,4,3,5,36.0,Moderate,"Secure time synchronisation, freshness window, timestamp plausibility checks",72,10.1,Low,0.639,,,,,,0
A01-C4,Time-Delay Attack,Availability / timing,Timestamp / freshness,Highway,High,Aggressive,Severe,130,50,V2V message handler / OBU,ATD-153,ATD-153,WLAN,7.40,2.22,5,5,1,3,4,4,5,5,80.0,Very High,"Secure time synchronisation, freshness window, timestamp plausibility checks",65,28.0,Moderate,0.800,,,,,,0
A02-C1,Constant Position Offset,Integrity / spoofing,Position,Urban,Low,Cautious,Low,40,20,GNSS receiver and navigation ECU,ATD-498,ATD-498,GPS,9.10,3.89,3,4,3,2,3,4,4,5,48.0,High,"GNSS–BSM consistency checks, map matching, multi-sensor position validation",78,10.6,Low,0.425,,,,,,0
A02-C2,Constant Position Offset,Integrity / spoofing,Position,Urban,High,Normal,Moderate,70,50,GNSS receiver and navigation ECU,ATD-498,ATD-498,GPS,9.10,3.89,4,4,4,2,4,4,5,5,80.0,Very High,"GNSS–BSM consistency checks, map matching, multi-sensor position validation",74,20.8,Moderate,0.616,,,,,,0
A02-C3,Constant Position Offset,Integrity / spoofing,Position,Highway,Low,Normal,High,100,20,GNSS receiver and navigation ECU,ATD-498,ATD-498,GPS,9.10,3.89,5,4,3,3,4,4,4,5,64.0,Very High,"GNSS–BSM consistency checks, map matching, multi-sensor position validation",78,14.1,Low,0.794,,,,,,0
A02-C4,Constant Position Offset,Integrity / spoofing,Position,Highway,High,Aggressive,Severe,130,50,GNSS receiver and navigation ECU,ATD-498,ATD-498,GPS,9.10,3.89,5,5,4,3,5,4,5,5,100.0,Critical,"GNSS–BSM consistency checks, map matching, multi-sensor position validation",71,29.0,Moderate,0.994,,,,,,0
A03-C1,Random Position Offset,Integrity / spoofing,Position,Urban,Low,Cautious,Low,40,20,GNSS receiver and cooperative perception,ATD-466,ATD-466,GPS,8.20,3.89,3,4,3,2,3,4,4,5,48.0,High,"Trajectory plausibility, sensor fusion, neighbour-consensus validation",74,12.5,Low,0.449,,,,,,0
A03-C2,Random Position Offset,Integrity / spoofing,Position,Urban,High,Normal,Moderate,70,50,GNSS receiver and cooperative perception,ATD-466,ATD-466,GPS,8.20,3.89,4,4,4,2,4,4,5,5,80.0,Very High,"Trajectory plausibility, sensor fusion, neighbour-consensus validation",70,24.0,Moderate,0.650,,,,,,0
A03-C3,Random Position Offset,Integrity / spoofing,Position,Highway,Low,Normal,High,100,20,GNSS receiver and cooperative perception,ATD-466,ATD-466,GPS,8.20,3.89,5,4,3,3,4,4,4,5,64.0,Very High,"Trajectory plausibility, sensor fusion, neighbour-consensus validation",74,16.6,Low,0.838,,,,,,0
A03-C4,Random Position Offset,Integrity / spoofing,Position,Highway,High,Aggressive,Severe,130,50,GNSS receiver and cooperative perception,ATD-466,ATD-466,GPS,8.20,3.89,5,5,4,3,5,4,5,5,100.0,Critical,"Trajectory plausibility, sensor fusion, neighbour-consensus validation",67,33.0,Moderate,1.000,,,,,,0
A04-C1,Position Mirroring,Integrity / spoofing,Position / trajectory,Urban,Low,Cautious,Low,40,20,GNSS receiver and V2V tracking module,ATD-468,ATD-468,GPS,8.20,3.89,3,4,3,2,3,5,4,5,48.0,High,"Trajectory-history comparison, map constraints, duplicate-position detection",76,11.5,Low,0.466,,,,,,0
A04-C2,Position Mirroring,Integrity / spoofing,Position / trajectory,Urban,High,Normal,Moderate,70,50,GNSS receiver and V2V tracking module,ATD-468,ATD-468,GPS,8.20,3.89,4,4,4,2,4,5,5,5,80.0,Very High,"Trajectory-history comparison, map constraints, duplicate-position detection",72,22.4,Moderate,0.675,,,,,,0
A04-C3,Position Mirroring,Integrity / spoofing,Position / trajectory,Highway,Low,Normal,High,100,20,GNSS receiver and V2V tracking module,ATD-468,ATD-468,GPS,8.20,3.89,5,4,3,3,4,5,4,5,64.0,Very High,"Trajectory-history comparison, map constraints, duplicate-position detection",76,15.4,Low,0.871,,,,,,0
A04-C4,Position Mirroring,Integrity / spoofing,Position / trajectory,Highway,High,Aggressive,Severe,130,50,GNSS receiver and V2V tracking module,ATD-468,ATD-468,GPS,8.20,3.89,5,5,4,3,5,5,5,5,100.0,Critical,"Trajectory-history comparison, map constraints, duplicate-position detection",69,31.0,Moderate,1.000,,,,,,0
A05-C1,Constant Speed Offset,Integrity / falsification,Speed,Urban,Low,Cautious,Low,40,20,CACC / adaptive cruise-control ECU,ATD-397,ATD-397,CANBus,8.10,2.83,3,5,1,3,3,4,3,4,28.8,Moderate,Kinematic plausibility limits and radar/odometry cross-validation,78,6.3,Low,0.461,,,,,,0
A05-C2,Constant Speed Offset,Integrity / falsification,Speed,Urban,High,Normal,Moderate,70,50,CACC / adaptive cruise-control ECU,ATD-397,ATD-397,CANBus,8.10,2.83,4,5,1,3,4,4,4,5,64.0,Very High,Kinematic plausibility limits and radar/odometry cross-validation,74,16.6,Low,0.667,,,,,,0
A05-C3,Constant Speed Offset,Integrity / falsification,Speed,Highway,Low,Normal,High,100,20,CACC / adaptive cruise-control ECU,ATD-397,ATD-397,CANBus,8.10,2.83,5,5,1,4,4,4,3,4,38.4,Moderate,Kinematic plausibility limits and radar/odometry cross-validation,78,8.4,Low,0.860,,,,,,0
A05-C4,Constant Speed Offset,Integrity / falsification,Speed,Highway,High,Aggressive,Severe,130,50,CACC / adaptive cruise-control ECU,ATD-397,ATD-397,CANBus,8.10,2.83,5,5,1,4,4,4,5,5,80.0,Very High,Kinematic plausibility limits and radar/odometry cross-validation,71,23.2,Moderate,1.000,,,,,,0
A06-C1,Random Speed Offset,Integrity / falsification,Speed,Urban,Low,Cautious,Low,40,20,Instrument cluster and V2V state estimator,ATD-223,ATD-223,OBD,8.10,2.83,3,5,1,3,3,4,3,4,28.8,Moderate,"Speed continuity tests, sensor fusion, sender trust scoring",74,7.5,Low,0.472,,,,,,0
A06-C2,Random Speed Offset,Integrity / falsification,Speed,Urban,High,Normal,Moderate,70,50,Instrument cluster and V2V state estimator,ATD-223,ATD-223,OBD,8.10,2.83,4,5,1,3,4,4,4,5,64.0,Very High,"Speed continuity tests, sensor fusion, sender trust scoring",70,19.2,Low,0.684,,,,,,0
A06-C3,Random Speed Offset,Integrity / falsification,Speed,Highway,Low,Normal,High,100,20,Instrument cluster and V2V state estimator,ATD-223,ATD-223,OBD,8.10,2.83,5,5,1,4,4,4,3,4,38.4,Moderate,"Speed continuity tests, sensor fusion, sender trust scoring",74,10.0,Low,0.882,,,,,,0
A06-C4,Random Speed Offset,Integrity / falsification,Speed,Highway,High,Aggressive,Severe,130,50,Instrument cluster and V2V state estimator,ATD-223,ATD-223,OBD,8.10,2.83,5,5,1,4,4,4,5,5,80.0,Very High,"Speed continuity tests, sensor fusion, sender trust scoring",67,26.4,Moderate,1.000,,,,,,0
A07-C1,Zero-Speed Report,Integrity / falsification,Speed,Urban,Low,Cautious,Low,40,20,CACC / parking-assistance state estimator,ATD-398,ATD-398,CANBus,8.10,2.83,3,5,1,3,3,3,3,4,28.8,Moderate,"Motion-consistency checks, timeout logic, wheel-speed corroboration",80,5.8,Low,0.484,,,,,,0
A07-C2,Zero-Speed Report,Integrity / falsification,Speed,Urban,High,Normal,Moderate,70,50,CACC / parking-assistance state estimator,ATD-398,ATD-398,CANBus,8.10,2.83,4,5,1,3,4,3,4,5,64.0,Very High,"Motion-consistency checks, timeout logic, wheel-speed corroboration",76,15.4,Low,0.701,,,,,,0
A07-C3,Zero-Speed Report,Integrity / falsification,Speed,Highway,Low,Normal,High,100,20,CACC / parking-assistance state estimator,ATD-398,ATD-398,CANBus,8.10,2.83,5,5,1,4,4,3,3,4,38.4,Moderate,"Motion-consistency checks, timeout logic, wheel-speed corroboration",80,7.7,Low,0.904,,,,,,0
A07-C4,Zero-Speed Report,Integrity / falsification,Speed,Highway,High,Aggressive,Severe,130,50,CACC / parking-assistance state estimator,ATD-398,ATD-398,CANBus,8.10,2.83,5,5,1,4,4,3,5,5,80.0,Very High,"Motion-consistency checks, timeout logic, wheel-speed corroboration",73,21.6,Moderate,1.000,,,,,,0
A08-C1,Sudden Constant Speed,Integrity / falsification,Speed / acceleration,Urban,Low,Cautious,Low,40,20,CACC / longitudinal-control ECU,ATD-397,ATD-397,CANBus,8.10,2.83,4,5,1,3,4,3,3,4,38.4,Moderate,Acceleration-envelope checks and abrupt-state-change filtering,82,6.9,Low,0.508,,,,,,0
A08-C2,Sudden Constant Speed,Integrity / falsification,Speed / acceleration,Urban,High,Normal,Moderate,70,50,CACC / longitudinal-control ECU,ATD-397,ATD-397,CANBus,8.10,2.83,4,5,1,3,4,3,4,5,64.0,Very High,Acceleration-envelope checks and abrupt-state-change filtering,78,14.1,Low,0.735,,,,,,0
A08-C3,Sudden Constant Speed,Integrity / falsification,Speed / acceleration,Highway,Low,Normal,High,100,20,CACC / longitudinal-control ECU,ATD-397,ATD-397,CANBus,8.10,2.83,5,5,1,4,4,3,3,4,38.4,Moderate,Acceleration-envelope checks and abrupt-state-change filtering,82,6.9,Low,0.948,,,,,,0
A08-C4,Sudden Constant Speed,Integrity / falsification,Speed / acceleration,Highway,High,Aggressive,Severe,130,50,CACC / longitudinal-control ECU,ATD-397,ATD-397,CANBus,8.10,2.83,5,5,1,4,4,3,5,5,80.0,Very High,Acceleration-envelope checks and abrupt-state-change filtering,75,20.0,Low,1.000,,,,,,0
A09-C1,Reversed Heading,Integrity / spoofing,Heading,Urban,Low,Cautious,Low,40,20,Navigation and cooperative-perception ECU,ATD-498,ATD-498,GPS,9.10,3.89,3,4,2,2,3,4,4,5,48.0,High,"Heading–position consistency, lane-map validation, inertial cross-check",80,9.6,Low,0.461,,,,,,0
A09-C2,Reversed Heading,Integrity / spoofing,Heading,Urban,High,Normal,Moderate,70,50,Navigation and cooperative-perception ECU,ATD-498,ATD-498,GPS,9.10,3.89,4,4,2,2,4,4,5,5,80.0,Very High,"Heading–position consistency, lane-map validation, inertial cross-check",76,19.2,Low,0.667,,,,,,0
A09-C3,Reversed Heading,Integrity / spoofing,Heading,Highway,Low,Normal,High,100,20,Navigation and cooperative-perception ECU,ATD-498,ATD-498,GPS,9.10,3.89,5,4,2,3,4,4,4,5,64.0,Very High,"Heading–position consistency, lane-map validation, inertial cross-check",80,12.8,Low,0.860,,,,,,0
A09-C4,Reversed Heading,Integrity / spoofing,Heading,Highway,High,Aggressive,Severe,130,50,Navigation and cooperative-perception ECU,ATD-498,ATD-498,GPS,9.10,3.89,5,5,2,3,4,4,5,5,80.0,Very High,"Heading–position consistency, lane-map validation, inertial cross-check",73,21.6,Moderate,1.000,,,,,,0
A10-C1,Feigned Braking,Integrity / event falsification,Acceleration / brake event,Urban,Low,Cautious,Low,40,20,Brake ECU and emergency-event processor,ATD-316,ATD-316,OBD,8.10,2.83,4,5,1,4,4,4,3,4,38.4,Moderate,Multi-source brake-event confirmation and emergency-message plausibility,83,6.5,Low,0.531,,,,,,0
A10-C2,Feigned Braking,Integrity / event falsification,Acceleration / brake event,Urban,High,Normal,Moderate,70,50,Brake ECU and emergency-event processor,ATD-316,ATD-316,OBD,8.10,2.83,5,5,1,5,4,4,4,5,64.0,Very High,Multi-source brake-event confirmation and emergency-message plausibility,79,13.4,Low,0.769,,,,,,0
A10-C3,Feigned Braking,Integrity / event falsification,Acceleration / brake event,Highway,Low,Normal,High,100,20,Brake ECU and emergency-event processor,ATD-316,ATD-316,OBD,8.10,2.83,5,5,1,5,4,4,3,4,38.4,Moderate,Multi-source brake-event confirmation and emergency-message plausibility,83,6.5,Low,0.992,,,,,,0
A10-C4,Feigned Braking,Integrity / event falsification,Acceleration / brake event,Highway,High,Aggressive,Severe,130,50,Brake ECU and emergency-event processor,ATD-316,ATD-316,OBD,8.10,2.83,5,5,1,5,4,4,5,5,80.0,Very High,Multi-source brake-event confirmation and emergency-message plausibility,76,19.2,Low,1.000,,,,,,0
A11-C1,Acceleration Multiplication,Integrity / falsification,Acceleration,Urban,Low,Cautious,Low,40,20,CACC / longitudinal-control ECU,ATD-397,ATD-397,CANBus,8.10,2.83,4,5,1,4,4,4,3,4,38.4,Moderate,"Physical acceleration bounds, sensor fusion, sender-behaviour profiling",84,6.1,Low,0.543,,,,,,0
A11-C2,Acceleration Multiplication,Integrity / falsification,Acceleration,Urban,High,Normal,Moderate,70,50,CACC / longitudinal-control ECU,ATD-397,ATD-397,CANBus,8.10,2.83,5,5,1,5,4,4,4,5,64.0,Very High,"Physical acceleration bounds, sensor fusion, sender-behaviour profiling",80,12.8,Low,0.787,,,,,,0
A11-C3,Acceleration Multiplication,Integrity / falsification,Acceleration,Highway,Low,Normal,High,100,20,CACC / longitudinal-control ECU,ATD-397,ATD-397,CANBus,8.10,2.83,5,5,1,5,4,4,3,4,38.4,Moderate,"Physical acceleration bounds, sensor fusion, sender-behaviour profiling",84,6.1,Low,1.000,,,,,,0
A11-C4,Acceleration Multiplication,Integrity / falsification,Acceleration,Highway,High,Aggressive,Severe,130,50,CACC / longitudinal-control ECU,ATD-397,ATD-397,CANBus,8.10,2.83,5,5,1,5,4,4,5,5,80.0,Very High,"Physical acceleration bounds, sensor fusion, sender-behaviour profiling",77,18.4,Low,1.000,,,,,,0
A12-C1,Sudden Stop,Integrity / event falsification,Speed / braking,Urban,Low,Cautious,Low,40,20,Collision-warning and braking controller,ATD-1,CVE-2015-5611,Adjacent / short-range,8.30,2.54,4,5,1,4,4,3,3,4,38.4,Moderate,"Time-to-collision validation, radar confirmation, fail-operational fallback",86,5.4,Low,0.567,,,,,,0
A12-C2,Sudden Stop,Integrity / event falsification,Speed / braking,Urban,High,Normal,Moderate,70,50,Collision-warning and braking controller,ATD-1,CVE-2015-5611,Adjacent / short-range,8.30,2.54,5,5,1,5,4,3,4,5,64.0,Very High,"Time-to-collision validation, radar confirmation, fail-operational fallback",82,11.5,Low,0.821,,,,,,0
A12-C3,Sudden Stop,Integrity / event falsification,Speed / braking,Highway,Low,Normal,High,100,20,Collision-warning and braking controller,ATD-1,CVE-2015-5611,Adjacent / short-range,8.30,2.54,5,5,1,5,4,3,3,4,38.4,Moderate,"Time-to-collision validation, radar confirmation, fail-operational fallback",86,5.4,Low,1.000,,,,,,0
A12-C4,Sudden Stop,Integrity / event falsification,Speed / braking,Highway,High,Aggressive,Severe,130,50,Collision-warning and braking controller,ATD-1,CVE-2015-5611,Adjacent / short-range,8.30,2.54,5,5,1,5,4,3,5,5,80.0,Very High,"Time-to-collision validation, radar confirmation, fail-operational fallback",79,16.8,Low,1.000,,,,,,0
A13-C1,Denial-of-Service Attack,Availability / flooding,Message channel,Urban,Low,Cautious,Low,40,20,V2V channel and OBU processing stack,ATD-292,ATD-292,OBD,8.20,2.83,3,5,1,3,3,2,3,4,28.8,Moderate,"Rate limiting, channel-load monitoring, message prioritisation and redundancy",81,5.5,Low,0.413,200.000,0.500,97.950,3.573,0.000000,1
A13-C2,Denial-of-Service Attack,Availability / flooding,Message channel,Urban,High,Normal,Moderate,70,50,V2V channel and OBU processing stack,ATD-292,ATD-292,OBD,8.20,2.83,4,5,1,3,4,2,4,5,64.0,Very High,"Rate limiting, channel-load monitoring, message prioritisation and redundancy",77,14.7,Low,0.598,500.000,2.500,71.077,67.666,0.014846,1
A13-C3,Denial-of-Service Attack,Availability / flooding,Message channel,Highway,Low,Normal,High,100,20,V2V channel and OBU processing stack,ATD-292,ATD-292,OBD,8.20,2.83,5,5,1,4,4,2,3,4,38.4,Moderate,"Rate limiting, channel-load monitoring, message prioritisation and redundancy",81,7.3,Low,0.772,800.000,4.500,57.235,125.988,0.125000,1
A13-C4,Denial-of-Service Attack,Availability / flooding,Message channel,Highway,High,Aggressive,Severe,130,50,V2V channel and OBU processing stack,ATD-292,ATD-292,OBD,8.20,2.83,5,5,1,4,4,2,5,5,80.0,Very High,"Rate limiting, channel-load monitoring, message prioritisation and redundancy",74,20.8,Moderate,0.966,1000.000,6.000,55.500,66.135,0.235687,1
A14-C1,Traffic-Congestion Sybil,Authenticity / identity,Sender identity / location,Urban,Low,Cautious,Low,40,20,PKI pseudonym manager and traffic estimator,ATD-152,ATD-152,WLAN,9.10,3.89,3,4,4,3,3,5,4,5,48.0,High,"Certificate validation, pseudonym-link analysis and radio-resource testing",76,11.5,Low,0.437,,,,,,0
A14-C2,Traffic-Congestion Sybil,Authenticity / identity,Sender identity / location,Urban,High,Normal,Moderate,70,50,PKI pseudonym manager and traffic estimator,ATD-152,ATD-152,WLAN,9.10,3.89,4,4,5,3,4,5,5,5,80.0,Very High,"Certificate validation, pseudonym-link analysis and radio-resource testing",72,22.4,Moderate,0.633,,,,,,0
A14-C3,Traffic-Congestion Sybil,Authenticity / identity,Sender identity / location,Highway,Low,Normal,High,100,20,PKI pseudonym manager and traffic estimator,ATD-152,ATD-152,WLAN,9.10,3.89,5,4,4,4,4,5,4,5,64.0,Very High,"Certificate validation, pseudonym-link analysis and radio-resource testing",76,15.4,Low,0.816,,,,,,0
A14-C4,Traffic-Congestion Sybil,Authenticity / identity,Sender identity / location,Highway,High,Aggressive,Severe,130,50,PKI pseudonym manager and traffic estimator,ATD-152,ATD-152,WLAN,9.10,3.89,5,5,5,4,5,5,5,5,100.0,Critical,"Certificate validation, pseudonym-link analysis and radio-resource testing",69,31.0,Moderate,1.000,,,,,,0
A15-C1,Data-Replay Attack,Freshness / replay,"Position, speed and event messages",Urban,Low,Cautious,Low,40,20,V2V security layer and message cache,ATD-4,CVE-2022-37418,Adjacent / short-range,6.40,1.20,3,5,3,3,4,5,2,4,25.6,Moderate,"Sequence numbers, nonce/timestamp freshness and signed-message replay cache",86,3.6,Low,0.484,,,,,,0
A15-C2,Data-Replay Attack,Freshness / replay,"Position, speed and event messages",Urban,High,Normal,Moderate,70,50,V2V security layer and message cache,ATD-4,CVE-2022-37418,Adjacent / short-range,6.40,1.20,4,5,4,3,4,5,3,5,48.0,High,"Sequence numbers, nonce/timestamp freshness and signed-message replay cache",82,8.6,Low,0.701,,,,,,0
A15-C3,Data-Replay Attack,Freshness / replay,"Position, speed and event messages",Highway,Low,Normal,High,100,20,V2V security layer and message cache,ATD-4,CVE-2022-37418,Adjacent / short-range,6.40,1.20,5,5,3,4,5,5,2,4,32.0,Moderate,"Sequence numbers, nonce/timestamp freshness and signed-message replay cache",86,4.5,Low,0.904,,,,,,0
A15-C4,Data-Replay Attack,Freshness / replay,"Position, speed and event messages",Highway,High,Aggressive,Severe,130,50,V2V security layer and message cache,ATD-4,CVE-2022-37418,Adjacent / short-range,6.40,1.20,5,5,4,4,5,5,4,5,80.0,Very High,"Sequence numbers, nonce/timestamp freshness and signed-message replay cache",79,16.8,Low,1.000,,,,,,0
