tech,n_vehicles,run,sim_time_s,interval_s,bsm_bytes,sent,expected,received,latency_ms,pdr
dsrc,10,1,30,0.1,320,2900,2615,1202,1.13027,0.459656
cv2x,10,1,30,0.1,320,2900,3123,506,22.9863,0.162024
dsrc,10,2,30,0.1,320,2900,3053,853,1.17113,0.279397
cv2x,10,2,30,0.1,320,2900,4647,709,83.4014,0.152572
dsrc,10,3,30,0.1,320,2900,3075,1683,1.13024,0.547317
cv2x,10,3,30,0.1,320,2900,3354,411,547.267,0.12254
dsrc,10,4,30,0.1,320,2900,3237,1363,1.13036,0.421069
cv2x,10,4,30,0.1,320,2900,4399,1169,263.503,0.265742
dsrc,10,5,30,0.1,320,2900,2769,1454,1.13029,0.525099
cv2x,10,5,30,0.1,320,2900,4483,708,484.621,0.15793
dsrc,20,1,30,0.1,320,5800,18004,8534,1.17627,0.474006
cv2x,20,1,30,0.1,320,5800,15801,4295,138.469,0.271818
dsrc,20,2,30,0.1,320,5800,15622,7581,1.15332,0.485277
cv2x,20,2,30,0.1,320,5800,15994,2231,416.396,0.13949
dsrc,20,3,30,0.1,320,5800,14292,6909,1.1419,0.483417
cv2x,20,3,30,0.1,320,5800,14741,3787,453.679,0.256903
dsrc,20,4,30,0.1,320,5800,12284,5856,1.1498,0.476718
cv2x,20,4,30,0.1,320,5800,15378,3908,349.053,0.254129
dsrc,20,5,30,0.1,320,5800,14023,6658,1.14925,0.474791
cv2x,20,5,30,0.1,320,5800,18131,2840,344.589,0.156638
dsrc,40,1,30,0.1,320,11600,63739,29274,1.1412,0.459279
cv2x,40,1,30,0.1,320,11600,64163,12255,339.634,0.190998
dsrc,40,2,30,0.1,320,11600,63794,34389,1.17888,0.539063
cv2x,40,2,30,0.1,320,11600,60936,7543,653.23,0.123786
dsrc,40,3,30,0.1,320,11600,58261,28197,1.14583,0.483977
cv2x,40,3,30,0.1,320,11600,61348,6834,676.609,0.111397
dsrc,40,4,30,0.1,320,11600,60626,30223,1.20169,0.498515
cv2x,40,4,30,0.1,320,11600,62706,9886,396.937,0.157656
dsrc,40,5,30,0.1,320,11600,56900,26003,1.13716,0.456995
cv2x,40,5,30,0.1,320,11600,69781,9534,424.337,0.136627
dsrc,70,1,30,0.1,320,20300,209920,95644,1.21518,0.455621
cv2x,70,1,30,0.1,320,20300,195381,19816,432.312,0.101422
dsrc,70,2,30,0.1,320,20300,199000,96106,1.19288,0.482945
cv2x,70,2,30,0.1,320,20300,187667,16637,606.361,0.0886517
dsrc,70,3,30,0.1,320,20300,184824,89156,1.14494,0.482383
cv2x,70,3,30,0.1,320,20300,188047,16630,568.323,0.0884353
dsrc,70,4,30,0.1,320,20300,190720,91717,1.16793,0.480899
cv2x,70,4,30,0.1,320,20300,191908,19611,452.908,0.10219
dsrc,70,5,30,0.1,320,20300,184211,87515,1.18905,0.47508
cv2x,70,5,30,0.1,320,20300,212034,18451,457.571,0.0870191
