comparison,left_arm,right_arm,difference,metric,metric_n,mean_difference,ci95_low,ci95_high,sd_difference,pairing_key
timing_network_parity_on_minus_off,detector_on,detector_off,left-minus-right,latency_ms,30,0.0,0.0,0.0,0.0,RNG seed
timing_network_parity_on_minus_off,detector_on,detector_off,left-minus-right,pdr,30,0.0,0.0,0.0,0.0,RNG seed
half_life1p351_minus_default3p431,reference_half_life_1p351,mixedhard_frac_0p3,left-minus-right,stream_f1,30,-0.002056166641747977,-0.0025628188680109285,-0.0015495144154850258,0.0013568395813247467,RNG seed
half_life1p351_minus_default3p431,reference_half_life_1p351,mixedhard_frac_0p3,left-minus-right,clean_fpr,30,0.0,0.0,0.0,0.0,RNG seed
half_life1p351_minus_default3p431,reference_half_life_1p351,mixedhard_frac_0p3,left-minus-right,stream_peak_auc,30,-0.00040846899820613146,-0.0009041819952569383,8.72439988446753e-05,0.0013275437874550513,RNG seed
no_forgetting_minus_default3p431,reference_no_forgetting,mixedhard_frac_0p3,left-minus-right,stream_f1,30,0.0009422714433310368,0.0006260504520009386,0.001258492434661135,0.0008468553679259763,RNG seed
no_forgetting_minus_default3p431,reference_no_forgetting,mixedhard_frac_0p3,left-minus-right,clean_fpr,30,0.0,0.0,0.0,0.0,RNG seed
no_forgetting_minus_default3p431,reference_no_forgetting,mixedhard_frac_0p3,left-minus-right,stream_peak_auc,30,-0.0001808383965747747,-0.00047410590336185846,0.00011242911021230905,0.0007853848073661104,RNG seed
actual4_assumed2_minus_matched,actual_4_assumed_2,mixedhard_frac_0p3,left-minus-right,stream_f1,30,-0.006385877387836825,-0.007967500418504365,-0.004804254357169285,0.004235664267328706,RNG seed
actual4_assumed2_minus_matched,actual_4_assumed_2,mixedhard_frac_0p3,left-minus-right,clean_fpr,30,0.015935717615567696,0.013902300157917144,0.017969135073218248,0.005445591964033097,RNG seed
actual4_assumed2_minus_matched,actual_4_assumed_2,mixedhard_frac_0p3,left-minus-right,stream_peak_auc,30,-0.005500881420175896,-0.006715647767416702,-0.0042861150729350895,0.0032532040254811254,RNG seed
actual8_assumed2_minus_matched,actual_8_assumed_2,mixedhard_frac_0p3,left-minus-right,stream_f1,30,-0.19104476605665752,-0.2022861610376345,-0.17980337107568053,0.030105008660474653,RNG seed
actual8_assumed2_minus_matched,actual_8_assumed_2,mixedhard_frac_0p3,left-minus-right,clean_fpr,30,0.6735459488712381,0.6655973891171073,0.6814945086253689,0.021286633966811314,RNG seed
actual8_assumed2_minus_matched,actual_8_assumed_2,mixedhard_frac_0p3,left-minus-right,stream_peak_auc,30,-0.15710165358633038,-0.1648565595431137,-0.14934674762954706,0.020768019572766475,RNG seed
actual2_assumed4_minus_matched,actual_2_assumed_4,mixedhard_frac_0p3,left-minus-right,stream_f1,30,-0.00022300109321319317,-0.0003737135823058056,-7.228860412058079e-05,0.00040361545849538897,RNG seed
actual2_assumed4_minus_matched,actual_2_assumed_4,mixedhard_frac_0p3,left-minus-right,clean_fpr,30,0.0,0.0,0.0,0.0,RNG seed
actual2_assumed4_minus_matched,actual_2_assumed_4,mixedhard_frac_0p3,left-minus-right,stream_peak_auc,30,-0.00012551765772464234,-0.00022212591069591597,-2.890940475336871e-05,0.0002587216530773259,RNG seed
steady_minus_onset_constoffset,pure_constoffset_steady,pure_constoffset,left-minus-right,stream_tpr,30,-0.2529336371981476,-0.2711479756036391,-0.23471929879265607,0.04877889411145682,RNG seed
steady_minus_onset_constoffset,pure_constoffset_steady,pure_constoffset,left-minus-right,stream_f1,30,-0.40144936000036524,-0.4234802932152336,-0.37941842678549687,0.05899992272794506,RNG seed
steady_minus_onset_constoffset,pure_constoffset_steady,pure_constoffset,left-minus-right,stream_peak_auc,30,-0.13335528220463483,-0.14255528376022103,-0.12415528064904863,0.024638056662539928,RNG seed
steady_minus_onset_revheading,pure_revheading_steady,pure_revheading,left-minus-right,stream_tpr,30,0.0,0.0,0.0,0.0,RNG seed
steady_minus_onset_revheading,pure_revheading_steady,pure_revheading,left-minus-right,stream_f1,30,0.0,0.0,0.0,0.0,RNG seed
steady_minus_onset_revheading,pure_revheading_steady,pure_revheading,left-minus-right,stream_peak_auc,30,5.867620191712941e-06,2.663301082920873e-07,1.1468910275133796e-05,1.5000530339568265e-05,RNG seed
steady_minus_onset_slydos,pure_slydos_steady,pure_slydos,left-minus-right,stream_tpr,30,0.0,0.0,0.0,0.0,RNG seed
steady_minus_onset_slydos,pure_slydos_steady,pure_slydos,left-minus-right,stream_f1,30,0.0,0.0,0.0,0.0,RNG seed
steady_minus_onset_slydos,pure_slydos_steady,pure_slydos,left-minus-right,stream_peak_auc,30,-0.00038465748447337006,-0.0017447981286737842,0.000975483159727044,0.0036425235428884793,RNG seed
steady_minus_onset_falsify,pure_falsify_steady,pure_falsify,left-minus-right,stream_tpr,30,-0.002482363524246541,-0.0047424959628945594,-0.00022223108559852288,0.006052745833987667,RNG seed
steady_minus_onset_falsify,pure_falsify_steady,pure_falsify,left-minus-right,stream_f1,30,-0.0012682196060788352,-0.002423585276486842,-0.00011285393567082879,0.0030941260913354405,RNG seed
steady_minus_onset_falsify,pure_falsify_steady,pure_falsify,left-minus-right,stream_peak_auc,30,-0.0005451015312928945,-0.0011692522014918288,7.904913890603965e-05,0.001671506193277353,RNG seed
